fxspot,fxfutures
0.8831,0.88
0.8779,0.88
0.8767,0.88
0.8801,0.88
0.8834,0.88
0.8877,0.89
0.8872,0.89
0.8956,0.90
0.8912,0.89
0.8902,0.89
0.8881,0.89
0.8947,0.89
0.8898,0.89
0.8907,0.89
0.8928,0.89
0.8983,0.90
0.8929,0.89
0.9034,0.90
0.9021,0.90
0.9033,0.90
0.9007,0.90
0.9000,0.90
0.8880,0.89
0.8789,0.88
0.8802,0.88
0.8831,0.88
0.8837,0.88
0.8892,0.90
0.9035,0.90
0.8985,0.90
0.8949,0.89
0.8934,0.89
0.8931,0.89
0.8907,0.89
0.8911,0.89
0.8941,0.89
0.8944,0.89
0.8826,0.88
0.8823,0.88
0.8812,0.88
0.8835,0.88
0.8861,0.88
0.8782,0.88
0.8777,0.88
0.8648,0.86
0.8619,0.86
0.8653,0.86
0.8614,0.86
0.8586,0.86
0.8617,0.86
0.8704,0.87
0.8668,0.87
0.8676,0.87
0.8700,0.87
0.8702,0.87
0.8766,0.88
0.8771,0.88
0.8709,0.87
0.8739,0.87
0.8704,0.87
0.8767,0.88
0.8693,0.87
0.8700,0.87
0.8750,0.87
0.8690,0.87
0.8637,0.86
0.8656,0.87
0.8686,0.87
0.8646,0.87
0.8696,0.87
0.8717,0.87
0.8765,0.88
0.8815,0.88
0.8734,0.87
0.8749,0.87
0.8760,0.88
0.8756,0.88
0.8821,0.88
0.8815,0.88
0.8826,0.88
0.8822,0.88
0.8852,0.88
0.8822,0.88
0.8763,0.87
0.8770,0.87
0.8767,0.87
0.8726,0.87
0.8709,0.87
0.8801,0.88
0.8788,0.88
0.8808,0.88
0.8781,0.88
0.8789,0.88
0.8746,0.87
0.8807,0.88
0.8802,0.88
0.8817,0.88
0.8792,0.88
0.8792,0.88
0.8822,0.88
0.8901,0.89
0.8907,0.89
0.8893,0.89
0.8893,0.89
0.8884,0.89
0.8925,0.89
0.8974,0.90
0.9012,0.90
0.9030,0.90
0.9001,0.90
0.9062,0.90
0.9030,0.90
0.9161,0.92
0.9178,0.92
0.9141,0.91
0.9047,0.90
0.9090,0.91
0.9132,0.91
0.9116,0.91
0.9024,0.90
0.9120,0.91
0.9115,0.91
0.9203,0.92
0.9206,0.92
0.9188,0.92
0.9253,0.92
0.9211,0.92
0.9207,0.92
0.9282,0.93
0.9340,0.93
0.9367,0.94
0.9325,0.93
0.9404,0.94
0.9389,0.94
0.9390,0.94
0.9470,0.95
0.9428,0.94
0.9441,0.94
0.9480,0.95
0.9428,0.94
0.9424,0.94
0.9436,0.94
0.9432,0.94
0.9521,0.95
0.9573,0.95
0.9642,0.96
0.9695,0.97
0.9702,0.97
0.9794,0.98
0.9814,0.98
0.9873,0.98
0.9911,0.99
0.9910,0.99
0.9862,0.98
0.9786,0.98
0.9744,0.97
0.9908,0.99
0.9928,0.99
0.9887,0.99
0.9877,0.99
0.9912,0.99
1.0029,1.00
1.0123,1.01
1.0071,1.00
1.0117,1.01
1.0114,1.01
1.0079,1.01
0.9892,0.99
0.9950,0.99
1.0039,1.00
0.9870,0.99
0.9809,0.98
0.9828,0.98
0.9762,0.98
0.9842,0.98
0.9870,0.98
0.9806,0.98
0.9659,0.96
0.9736,0.97
0.9666,0.97
0.9699,0.97
0.9783,0.98
0.9844,0.98
0.9765,0.98
0.9815,0.98
0.9844,0.98
0.9768,0.98
0.9781,0.98
0.9798,0.98
0.9689,0.97
0.9718,0.97
0.9708,0.97
0.9815,0.98
0.9780,0.98
0.9836,0.98
0.9833,0.98
0.9963,1.00
0.9918,0.99
0.9905,0.99
0.9813,0.98
0.9792,0.98
0.9747,0.98
0.9759,0.98
0.9809,0.98
0.9700,0.97
0.9688,0.97
0.9734,0.97
0.9770,0.97
0.9867,0.98
0.9806,0.98
0.9778,0.98
0.9820,0.98
0.9764,0.97
0.9769,0.97
0.9808,0.98
0.9866,0.98
0.9829,0.98
0.9862,0.98
0.9873,0.98
0.9787,0.98
0.9821,0.98
0.9790,0.98
0.9904,0.99
0.9862,0.98
0.9876,0.98
0.9872,0.98
0.9812,0.98
0.9807,0.98
0.9716,0.97
0.9718,0.97
0.9734,0.97
0.9775,0.98
0.9752,0.97
0.9775,0.98
0.9763,0.97
0.9842,0.98
0.9826,0.98
0.9838,0.98
0.9906,0.99
0.9958,1.00
0.9978,1.00
0.9999,1.00
1.0036,1.00
1.0092,1.01
1.0122,1.01
1.0107,1.01
1.0126,1.01
1.0081,1.01
1.0041,1.00
1.0088,1.01
1.0085,1.01
1.0039,1.00
1.0015,1.00
1.0018,1.00
0.9965,1.00
0.9920,0.99
0.9936,0.99
0.9936,0.99
0.9942,0.99
0.9974,1.00
0.9963,1.00
1.0007,1.00
1.0005,1.00
1.0098,1.01
1.0103,1.01
1.0075,1.01
1.0086,1.01
1.0187,1.02
1.0235,1.02
1.0227,1.02
1.0281,1.02
1.0268,1.02
1.0274,1.02
1.0272,1.02
1.0260,1.02
1.0311,1.03
1.0374,1.03
1.0425,1.04
1.0486,1.04
1.0490,1.04
1.0357,1.03
1.0414,1.04
1.0461,1.04
1.0410,1.04
1.0493,1.05
1.0485,1.05
1.0577,1.06
1.0536,1.05
1.0550,1.05
1.0556,1.05
1.0613,1.06
1.0673,1.06
1.0729,1.07
1.0739,1.07
1.0746,1.07
1.0836,1.08
1.0853,1.08
1.0828,1.08
1.0838,1.08
1.0816,1.08
1.0784,1.08
1.0787,1.08
1.0887,1.09
1.0779,1.08
1.0834,1.08
1.0815,1.08
1.0729,1.07
1.0734,1.07
1.0705,1.07
1.0826,1.08
1.0724,1.08
1.0682,1.07
1.0745,1.07
1.0816,1.08
1.0724,1.07
1.0794,1.08
1.0757,1.08
1.0780,1.08
1.0742,1.07
1.0775,1.08
1.0892,1.09
1.0886,1.09
1.0956,1.10
1.0971,1.10
1.1005,1.10
1.1056,1.11
1.1041,1.10
1.0993,1.10
1.0781,1.08
1.0769,1.08
1.0618,--
1.0633,--
1.0558,--
1.0611,1.06
1.0604,1.06
1.0636,1.06
1.0652,1.06
1.0689,1.07
1.0693,1.07
1.0795,1.08
1.0920,1.09
1.0910,1.09
1.0769,1.07
1.0759,1.07
1.0665,1.06
1.0687,1.07
1.0715,1.07
1.0770,1.07
1.0786,1.08
1.0745,1.07
1.0770,1.08
1.0799,1.08
1.0906,1.09
1.0893,1.09
1.0861,1.08
1.0970,1.10
1.0955,1.09
1.1030,1.10
1.1034,1.10
1.0984,1.10
1.1072,1.11
1.1180,1.12
1.1236,1.12
1.1225,1.12
1.1288,1.13
1.1436,1.14
1.1353,1.13
1.1477,1.15
1.1529,1.15
1.1559,1.15
1.1533,1.15
1.1476,1.15
1.1373,1.14
1.1670,1.16
1.1643,1.16
1.1709,1.17
1.1638,1.16
1.1693,1.17
1.1861,1.18
1.1811,1.18
1.1752,1.18
1.1899,1.19
1.1711,1.17
1.1757,1.18
1.1732,1.17
1.1640,1.16
1.1839,1.18
1.1710,1.17
1.1717,1.17
1.1668,1.17
1.1753,1.17
1.1762,1.18
1.1874,1.19
1.1821,1.18
1.1779,1.18
1.1682,1.17
1.1719,1.17
1.1575,1.15
1.1552,1.15
1.1512,1.15
1.1530,1.15
1.1417,1.14
1.1427,1.14
1.1523,1.15
1.1561,1.15
1.1529,1.15
1.1476,1.15
1.1314,1.13
1.1314,1.13
1.1353,1.13
1.1378,1.14
1.1287,1.12
1.1279,1.12
1.1176,1.11
1.1219,1.12
1.1209,1.12
1.1247,1.12
1.1343,1.13
1.1327,1.13
1.1482,1.15
1.1469,1.15
1.1492,1.15
1.1485,1.15
1.1439,1.14
1.1354,1.13
1.1227,1.12
1.1275,1.13
1.1352,1.13
1.1390,1.14
1.1332,1.13
1.1375,1.14
1.1305,1.13
1.1358,1.14
1.1274,1.13
1.1316,1.13
1.1277,1.13
1.1259,1.13
1.1145,1.11
1.1140,1.11
1.1116,1.11
1.0922,1.09
1.0868,1.09
1.0856,1.09
1.0862,1.09
1.0873,1.09
1.0881,1.09
1.0966,1.10
1.0803,1.08
1.0838,1.08
1.0939,1.09
1.1095,1.11
1.1066,1.11
1.1224,1.12
1.1203,1.12
1.1201,1.12
1.1269,1.13
1.1282,
1.1169,1.13
1.1283,1.13
1.1242,1.12
1.1445,1.14
1.1461,1.14
1.1432,1.14
1.1485,1.15
1.1476,1.15
1.1458,1.14
1.1594,1.16
1.1659,1.16
1.1727,1.17
1.1682,1.17
1.1571,1.15
1.1716,1.17
1.1770,1.17
1.1818,1.18
1.1743,1.17
1.1807,1.18
1.1711,1.17
1.1735,1.17
1.1616,1.16
1.1595,1.16
1.1709,1.17
1.1623,1.16
1.1668,1.17
1.1795,1.18
1.1795,1.18
1.1773,1.18
1.1744,1.17
1.1663,1.17
1.1660,1.17
1.1626,1.16
1.1579,1.16
1.1461,1.15
1.1494,1.15
1.1434,1.14
1.1410,1.14
1.1505,1.15
1.1512,1.15
1.1629,1.16
1.1726,1.17
1.1785,1.18
1.1744,1.17
1.1967,1.20
1.1876,1.19
1.1907,1.19
1.1908,1.19
1.1765,1.18
1.1783,1.18
1.1906,1.19
1.1974,1.20
1.1972,1.20
1.2079,1.21
1.2106,1.21
1.2082,1.21
1.2170,1.22
1.2216,1.22
1.2258,1.22
1.2220,1.22
1.2218,1.22
1.2139,1.21
1.2306,1.23
1.2322,1.23
1.2409,1.24
1.2421,1.24
1.2400,1.23
1.2395,1.24
1.2398,1.24
1.2451,1.24
1.2432,1.24
1.2483,1.25
1.2545,1.25
1.2541,1.26
1.2582,1.26
1.2662,1.27
1.2730,1.27
1.2630,1.26
1.2756,1.27
1.2844,1.28
1.2752,1.27
1.2770,1.27
1.2645,1.26
1.2575,1.26
1.2360,
1.2352,1.24
1.2576,1.26
1.2628,1.26
1.2713,1.27
1.2573,1.26
1.2466,1.24
1.2640,1.26
1.2480,1.24
1.2412,1.24
1.2470,1.25
1.2424,1.24
1.2535,1.25
1.2536,1.25
1.2550,1.25
1.2609,1.26
1.2693,1.27
1.2671,1.27
1.2828,1.28
1.2804,1.28
1.2770,1.27
1.2842,1.28
1.2692,1.27
1.2711,1.27
1.2508,1.25
1.2555,1.26
1.2683,1.27
1.2496,1.25
1.2435,1.24
1.2486,1.25
1.2463,1.25
1.2217,1.22
1.2205,1.22
1.2197,1.22
1.2386,1.24
1.2404,1.24
1.2318,1.23
1.2236,1.22
1.2353,1.23
1.2187,1.22
1.2264,1.22
1.2269,1.22
1.2234,1.22
1.2385,1.24
1.2284,1.23
1.2332,1.23
1.2333,1.23
1.2128,1.21
1.2134,1.21
1.2124,1.21
1.2155,1.21
1.2164,1.22
1.2313,1.23
1.2363,1.23
1.2110,1.21
1.2004,1.20
1.2128,1.21
1.2171,1.22
1.2083,1.21
1.2076,1.21
1.1943,1.19
1.1953,1.19
1.1974,1.20
1.2010,1.20
1.2002,1.20
1.1851,1.18
1.1834,1.18
1.1904,1.19
1.1805,1.18
1.1856,1.18
1.1927,1.19
1.1846,1.18
1.1964,1.20
1.1993,1.20
1.1937,1.19
1.2103,1.21
1.2164,1.21
1.2068,1.21
1.1875,1.19
1.1826,1.18
1.1862,1.19
1.1906,1.19
1.1810,1.18
1.1888,1.19
1.2013,1.20
1.1950,1.19
1.2015,1.20
1.1962,1.20
1.1985,1.20
1.2006,1.20
1.2097,1.21
1.2112,1.21
1.2265,1.23
1.2184,1.22
1.2243,1.22
1.2206,1.22
1.2215,1.22
1.2296,1.23
1.2320,1.23
1.2257,1.23
1.2038,1.20
1.2110,1.21
1.1981,1.20
1.2054,1.20
1.2159,1.21
1.2006,1.20
1.2041,1.20
1.2141,1.21
1.2111,1.21
1.2112,1.21
1.2093,1.21
1.2176,1.22
1.2171,1.22
1.2181,1.22
1.2075,1.21
1.2186,1.22
1.2153,1.21
1.2281,1.23
1.2284,1.23
1.2364,1.24
1.2389,1.24
1.2409,1.24
1.2408,1.24
1.2334,1.23
1.2378,1.24
1.2354,1.23
1.2440,1.24
1.2439,1.24
1.2329,1.23
1.2256,1.23
1.2252,1.22
1.2104,1.21
1.2143,1.21
1.2057,1.20
1.2050,
1.2035,1.20
1.2068,1.20
1.2022,
1.2045,1.20
1.2047,1.20
1.2056,1.21
1.2286,1.23
1.2268,1.23
1.2221,1.22
1.2217,1.23
1.2249,1.22
1.2378,1.24
1.2354,1.23
1.2351,1.23
1.2327,1.23
1.2369,1.24
1.2316,1.23
1.2136,1.21
1.2082,1.21
1.2083,1.21
1.2101,1.21
1.2011,1.20
1.2052,1.21
1.2179,1.22
1.2191,1.22
1.2168,1.22
1.2062,1.21
1.2104,1.21
1.2182,1.22
1.2231,1.22
1.2265,1.23
1.2258,1.23
1.2246,1.22
1.2148,1.21
1.2180,1.22
1.2170,1.22
1.2166,1.22
1.2329,1.23
1.2263,1.23
1.2263,1.23
1.2280,1.23
1.2296,1.23
1.2322,1.23
1.2329,1.23
1.2431,1.24
1.2398,1.24
1.2285,1.23
1.2310,1.23
1.2281,1.23
1.2282,1.23
1.2415,1.24
1.2383,1.24
1.2325,1.23
1.2339,1.23
1.2377,1.24
1.2477,1.25
1.2490,1.25
1.2513,1.25
1.2581,1.26
1.2609,1.26
1.2709,1.27
1.2809,1.28
1.2745,1.28
1.2697,1.27
1.2739,1.27
1.2802,1.28
1.2751,1.28
1.2738,1.27
1.2820,1.28
1.2869,1.29
1.2969,1.30
1.2915,1.29
1.2896,1.29
1.2885,1.29
1.2904,1.29
1.2974,1.30
1.2943,1.29
1.2954,1.30
1.3031,1.30
1.2957,1.29
1.3034,1.30
1.3044,1.30
1.3085,1.31
1.3245,1.32
1.3268,1.33
1.3277,1.33
1.3282,1.33
1.3345,1.33
1.3268,1.33
1.3440,1.34
1.3405,1.34
1.3424,1.34
1.3338,1.33
1.3314,1.33
1.3196,1.32
1.3314,1.33
1.3300,1.33
1.3398,1.34
1.3239,1.33
1.3331,1.33
1.3395,1.34
1.3367,1.34
1.3387,1.34
1.3528,1.35
1.3614,1.36
1.3613,1.36
1.3605,1.36
1.3637,1.36
1.3545,1.36
1.3464,1.35
1.3279,1.33
1.3258,1.33
1.3170,1.32
1.3060,1.31
1.3078,1.31
1.3107,1.31
1.3256,1.33
1.3216,1.32
1.3060,1.31
1.3023,1.30
1.3007,1.30
1.2964,1.30
1.3037,1.31
1.3054,1.31
1.2969,1.30
1.3081,1.31
1.3041,1.30
1.3032,1.30
1.3034,1.31
1.3046,1.30
1.3025,1.30
1.2973,1.30
1.2855,1.29
1.2758,1.28
1.2763,1.28
1.2810,1.28
1.2874,1.29
1.2877,1.29
1.2974,1.30
1.3026,1.30
1.3027,1.30
1.3068,1.31
1.3062,1.31
1.3252,1.33
1.3210,1.32
1.3194,1.32
1.3241,1.32
1.3225,1.32
1.3187,1.32
1.3138,1.31
1.3108,1.31
1.3237,1.32
1.3210,1.32
1.3339,1.34
1.3391,1.34
1.3416,1.34
1.3458,1.35
1.3368,1.34
1.3305,1.33
1.3416,1.34
1.3375,1.34
1.3311,1.33
1.3156,1.32
1.3076,1.31
1.2988,1.30
1.2960,1.30
1.2888,1.29
1.2926,1.30
1.2916,1.29
1.2959,1.30
1.2880,1.29
1.2850,1.29
1.2855,1.29
1.2871,1.29
1.2851,1.29
1.2924,1.29
1.2970,1.30
1.2916,1.29
1.2919,1.29
1.2798,1.28
1.2912,1.29
1.3019,1.30
1.3054,1.31
1.3088,1.31
1.3048,1.31
1.3062,1.31
1.2988,1.30
1.2991,1.30
1.2924,1.29
1.2896,1.29
1.2860,1.29
1.2852,1.29
1.2870,1.29
1.2950,1.30
1.2958,1.30
1.2815,1.28
1.2864,1.29
1.2879,1.29
1.2803,1.28
1.2671,1.27
1.2624,1.26
1.2626,1.26
1.2610,1.26
1.2673,1.27
1.2636,1.26
1.2542,1.26
1.2567,1.26
1.2576,1.26
1.2601,1.26
1.2511,1.25
1.2472,1.25
1.2303,1.23
1.2204,1.22
1.2272,1.23
1.2222,1.22
1.2259,1.23
1.2280,1.23
1.2235,1.22
1.2228,1.22
1.2111,1.21
1.2116,1.22
1.2027,1.21
1.2122,1.22
1.2109,1.21
1.2193,1.23
1.2152,1.22
1.2172,1.22
1.2130,1.22
1.2027,1.21
1.2089,1.21
1.2167,1.22
1.2064,1.21
1.2071,1.21
1.2097,1.21
1.1897,1.20
1.1914,1.20
1.1930,1.20
1.1946,1.20
1.1965,1.20
1.2073,1.21
1.2239,1.23
1.2081,1.21
1.2082,1.21
1.2021,1.21
1.2050,1.21
1.2031,1.21
1.2149,1.22
1.2164,1.22
1.2053,1.21
1.2065,1.21
1.2018,1.20
1.2064,1.21
1.2126,1.22
1.2122,1.21
1.2175,1.22
1.2191,1.22
1.2331,1.24
1.2387,1.24
1.2339,1.24
1.2346,1.24
1.2376,1.24
1.2384,1.24
1.2469,1.25
1.2457,1.25
1.2368,1.24
1.2350,1.24
1.2275,1.23
1.2179,1.22
1.2161,1.22
1.2222,1.22
1.2226,1.22
1.2270,1.23
1.2297,1.23
1.2284,1.23
1.2220,1.22
1.2216,1.22
1.2338,1.24
1.2501,1.25
1.2542,1.25
1.2465,1.25
1.2412,1.24
1.2395,1.24
1.2401,1.24
1.2275,1.23
1.2267,1.23
1.2281,1.23
1.2222,1.22
1.2166,1.22
1.2136,1.22
1.2120,1.22
1.2222,1.23
1.2155,1.22
1.2033,1.21
1.2073,1.21
1.2012,1.21
1.2040,1.21
1.2033,1.21
1.2021,1.21
1.1920,1.20
1.1916,1.20
1.1985,1.20
1.2184,1.22
1.2117,1.22
1.2064,1.21
1.1991,1.20
1.2025,1.21
1.2026,1.21
1.2081,1.21
1.2018,1.21
1.1962,1.20
1.1987,1.20
1.2016,1.21
1.1946,1.20
1.1978,1.20
1.2108,1.21
1.2062,1.21
1.2137,1.22
1.2056,1.21
1.1993,1.20
1.2022,1.21
1.2067,1.21
1.1946,1.20
1.1813,1.18
1.1803,1.18
1.1781,1.18
1.1765,1.18
1.1682,1.17
1.1722,1.17
1.1687,1.17
1.1718,1.17
1.1665,1.17
1.1756,1.18
1.1774,1.18
1.1726,1.17
1.1818,1.18
1.1786,1.18
1.1713,1.17
1.1843,1.19
1.1776,1.18
1.1787,1.18
1.1731,1.17
1.1703,1.17
1.1788,1.18
1.1783,1.18
1.1720,1.17
1.1818,1.18
1.1780,1.18
1.1951,1.20
1.1943,1.19
1.2001,1.20
1.1974,1.20
1.2026,1.20
1.2005,1.21
1.1857,1.19
1.1835,1.19
1.1867,1.19
1.1845,1.19
1.1826,1.19
1.1834,1.19
1.1843,1.19
1.1822,1.19
1.2012,1.21
1.2122,1.22
1.2106,1.21
1.2146,1.22
1.2082,1.21
1.2061,1.21
1.2123,1.22
1.2034,1.21
1.2117,1.22
1.2104,1.22
1.2115,1.22
1.2098,1.21
1.2139,1.22
1.2307,1.23
1.2283,1.23
1.2242,1.23
1.2204,1.22
1.2105,1.21
1.2091,1.21
1.2152,1.22
1.2056,1.21
1.2090,1.21
1.2035,1.21
1.1965,1.20
1.1977,1.20
1.1962,1.20
1.1979,1.20
1.1900,1.19
1.1899,1.19
1.1914,1.19
1.1890,1.19
1.1903,1.19
1.1935,1.19
1.1912,1.19
1.1910,1.19
1.1921,1.19
1.1871,1.19
1.1846,1.19
1.1920,1.19
1.1916,1.19
1.2037,1.20
1.2048,1.21
1.2017,1.20
1.1885,1.19
1.1923,1.19
1.1911,1.19
1.1914,1.19
1.1959,1.20
1.2011,1.21
1.2068,1.21
1.2175,1.22
1.2183,1.22
1.2167,1.22
1.2092,1.22
1.2074,1.21
1.1970,1.20
1.2037,1.21
1.2012,1.21
1.2000,1.21
1.2027,1.21
1.2163,1.22
1.2119,1.22
1.2131,1.22
1.2259,1.23
1.2296,1.23
1.2220,1.23
1.2108,1.22
1.2111,1.22
1.2140,1.22
1.2102,1.22
1.2122,1.22
1.2256,1.23
1.2357,1.24
1.2381,1.24
1.2314,1.24
1.2371,1.24
1.2385,1.24
1.2428,1.25
1.2446,1.25
1.2527,1.26
1.2625,1.27
1.2568,1.26
1.2613,1.27
1.2629,1.27
1.2689,1.27
1.2740,1.28
1.2699,1.27
1.2760,1.28
1.2783,1.28
1.2835,1.29
1.2948,1.30
1.2796,1.28
1.2859,1.29
1.2729,1.28
1.2855,1.29
1.2758,1.28
1.2865,1.29
1.2813,1.28
1.2758,1.28
1.2813,1.28
1.2747,1.27
1.2874,1.29
1.2812,1.28
1.2810,1.28
1.2928,1.29
1.2906,1.29
1.2818,1.28
1.2793,1.28
1.2650,1.27
1.2616,1.26
1.2580,1.26
1.2546,1.25
1.2604,1.26
1.2631,1.26
1.2647,1.27
1.2577,1.27
1.2582,1.27
1.2663,1.27
1.2569,1.26
1.2502,1.26
1.2587,1.27
1.2579,1.26
1.2549,1.26
1.2665,1.27
1.2787,1.29
1.2785,1.29
1.2721,1.28
1.2777,1.28
1.2810,1.29
1.2734,1.28
1.2762,1.28
1.2700,1.28
1.2691,1.27
1.2631,1.27
1.2519,1.26
1.2502,1.26
1.2590,1.26
1.2627,1.27
1.2700,1.27
1.2629,1.27
1.2578,1.26
1.2714,1.28
1.2694,1.27
1.2765,1.28
1.2761,1.28
1.2822,1.29
1.2787,1.28
1.2800,1.28
1.2881,1.29
1.2828,1.29
1.2820,1.29
1.2862,1.29
1.2790,1.28
1.2712,1.27
1.2721,1.27
1.2782,1.28
1.2840,1.29
1.2828,1.29
1.2826,1.28
1.2885,1.29
1.2803,1.28
1.2782,1.28
1.2766,1.28
1.2760,1.28
1.2783,1.28
1.2822,1.28
1.2834,1.28
1.2803,1.28
1.2861,1.29
1.2817,1.28
1.2801,1.28
1.2732,1.27
1.2667,1.27
1.2699,1.27
1.2683,1.27
1.2696,1.27
1.2721,1.27
1.2634,1.26
1.2696,1.28
1.2672,1.27
1.2687,1.28
1.2780,1.28
1.2789,1.28
1.2745,1.28
1.2682,1.27
1.2696,1.28
1.2697,1.28
1.2681,1.27
1.2736,1.28
1.2728,1.28
1.2713,1.28
1.2687,1.27
1.2591,1.26
1.2592,1.26
1.2533,1.26
1.2516,1.26
1.2553,1.26
1.2498,1.25
1.2531,1.26
1.2532,1.26
1.2532,1.26
1.2624,1.27
1.2617,1.27
1.2546,1.26
1.2551,1.26
1.2600,1.26
1.2685,1.27
1.2730,1.28
1.2724,1.28
1.2761,1.28
1.2755,1.28
1.2777,1.28
1.2717,1.27
1.2722,1.28
1.2772,1.28
1.2755,1.28
1.2827,1.29
1.2842,1.29
1.2805,1.28
1.2812,1.28
1.2825,1.29
1.2792,1.28
1.2828,1.28
1.2816,1.28
1.2842,1.29
1.2943,1.30
1.3170,1.32
1.3132,1.31
1.3198,1.32
1.3153,1.32
1.3241,1.33
1.3332,1.34
1.3337,1.33
1.3316,1.33
1.3281,1.33
1.3285,1.33
1.3176,1.32
1.3237,1.33
1.3280,1.33
1.3214,1.32
1.3142,1.32
1.3081,1.31
1.3100,1.32
1.3186,1.33
1.3173,1.32
1.3172,1.32
1.3116,1.32
1.3096,1.32
1.3117,1.32
1.3147,1.32
1.3199,1.33
1.3271,1.33
1.3166,1.32
1.3084,1.31
1.3012,1.31
1.3022,1.31
1.3000,1.30
1.2936,1.30
1.2890,1.29
1.2939,1.30
1.2917,1.30
1.2943,1.30
1.2961,1.30
1.2961,1.30
1.2948,1.30
1.3021,1.31
1.2965,1.30
1.2935,1.30
1.2919,1.30
1.2955,1.30
1.2967,1.30
1.3030,1.31
1.3023,1.30
1.2963,1.30
1.2929,1.30
1.2980,1.30
1.3013,1.30
1.3039,1.31
1.2990,1.30
1.2963,1.30
1.3037,1.31
1.3129,1.32
1.3140,1.32
1.3155,1.32
1.3144,1.32
1.3138,1.32
1.3122,1.31
1.3162,1.32
1.3186,1.32
1.3242,1.33
1.3229,1.32
1.3186,1.32
1.3203,1.32
1.3092,1.31
1.3125,1.31
1.3175,1.32
1.3130,1.31
1.3114,1.31
1.3187,1.32
1.3198,1.32
1.3218,1.32
1.3235,1.32
1.3317,1.33
1.3299,1.33
1.3320,1.34
1.3383,1.34
1.3330,1.34
1.3288,1.33
1.3329,1.34
1.3355,1.34
1.3313,1.34
1.3326,1.34
1.3373,1.34
1.3366,1.34
1.3324,1.34
1.3371,1.34
1.3426,1.35
1.3372,1.34
1.3357,1.34
1.3433,1.35
1.3430,1.35
1.3489,1.35
1.3555,1.36
1.3525,1.36
1.3572,1.36
1.3610,1.36
1.3613,1.36
1.3602,1.36
1.3577,1.36
1.3637,1.37
1.3641,1.37
1.3591,1.36
1.3632,1.37
1.3640,1.37
1.3604,1.36
1.3583,1.36
1.3547,1.36
1.3600,1.36
1.3599,1.36
1.3544,1.36
1.3526,1.35
1.3475,1.35
1.3532,1.36
1.3540,1.36
1.3593,1.36
1.3515,1.35
1.3497,1.35
1.3518,1.35
1.3459,1.35
1.3449,1.35
1.3458,1.35
1.3430,1.34
1.3448,1.35
1.3446,1.35
1.3428,1.34
1.3452,1.35
1.3443,1.34
1.3493,1.35
1.3516,1.35
1.3502,1.35
1.3425,1.34
1.3361,1.34
1.3357,1.34
1.3301,1.33
1.3313,1.33
1.3306,1.33
1.3375,1.34
1.3413,1.35
1.3423,1.35
1.3401,1.34
1.3385,1.34
1.3465,1.35
1.3461,1.35
1.3456,1.35
1.3450,1.35
1.3447,1.35
1.3541,1.36
1.3630,1.37
1.3611,1.36
1.3596,1.36
1.3631,1.37
1.3630,1.37
1.3747,1.38
1.3744,1.38
1.3787,1.38
1.3778,1.38
1.3772,1.38
1.3781,1.38
1.3804,1.38
1.3796,1.38
1.3836,1.39
1.3807,1.38
1.3826,1.39
1.3724,1.37
1.3736,1.38
1.3613,1.36
1.3694,1.37
1.3675,1.37
1.3679,1.37
1.3702,1.37
1.3827,1.38
1.3789,1.38
1.3742,1.38
1.3793,1.38
1.3677,1.37
1.3685,1.37
1.3605,1.36
1.3535,1.36
1.3424,1.34
1.3419,1.34
1.3479,1.35
1.3475,1.35
1.3461,1.35
1.3548,1.36
1.3564,1.36
1.3670,1.37
1.3641,1.37
1.3601,1.36
1.3676,1.37
1.3635,1.36
1.3621,1.36
1.3602,1.36
1.3649,1.37
1.3693,1.37
1.3783,1.38
1.3806,1.38
1.3832,1.38
1.3903,1.39
1.3866,1.39
1.3867,1.39
1.3861,1.39
1.3978,1.40
1.3966,1.40
1.4062,1.41
1.4090,1.41
1.4083,1.41
1.4145,1.42
1.4129,1.42
1.4148,1.42
1.4276,1.43
1.4231,1.43
1.4150,1.42
1.4089,1.41
1.4132,1.42
1.4146,1.42
1.4056,1.41
1.4101,1.41
1.4141,1.42
1.4200,1.42
1.4180,1.42
1.4213,1.42
1.4168,1.42
1.4207,1.42
1.4285,1.43
1.4326,1.43
1.4178,1.42
1.4259,1.43
1.4264,1.43
1.4329,1.43
1.4410,1.44
1.4423,1.44
1.4439,1.44
1.4478,1.45
1.4422,1.44
1.4512,1.45
1.4464,1.45
1.4558,1.46
1.4640,1.46
1.4671,1.47
1.4669,1.47
1.4531,1.45
1.4603,1.46
1.4642,1.47
1.4610,1.46
1.4670,1.47
1.4664,1.47
1.4840,1.48
1.4847,1.49
1.4821,1.48
1.4870,1.49
1.4822,1.48
1.4842,1.48
1.4743,1.48
1.4637,1.46
1.4666,1.47
1.4764,1.48
1.4610,1.46
1.4630,1.46
1.4654,1.47
1.4712,1.47
1.4657,1.47
1.4705,1.47
1.4628,1.46
1.4387,1.44
1.4398,1.44
1.4415,1.44
1.4374,1.44
1.4325,1.43
1.4373,1.44
1.4401,1.44
1.4486,1.45
1.4622,1.46
1.4719,1.47
1.4591,1.47
1.4724,1.47
1.4747,1.47
1.4745,1.48
1.4690,1.47
1.4704,1.47
1.4656,1.47
1.4807,1.48
1.4781,1.48
1.4866,1.49
1.4800,1.48
1.4650,1.46
1.4645,1.46
1.4445,1.46
1.4627,1.47
1.4628,1.46
1.4757,1.47
1.4680,1.47
1.4782,1.48
1.4776,1.48
1.4861,1.48
1.4858,1.48
1.4805,1.48
1.4830,1.48
1.4644,1.46
1.4634,1.46
1.4480,1.45
1.4516,1.45
1.4518,1.45
1.4578,1.46
1.4569,1.46
1.4636,1.46
1.4653,1.47
1.4726,1.47
1.4711,1.47
1.4810,1.48
1.4837,1.48
1.4827,1.48
1.4978,1.50
1.5122,1.51
1.5203,1.52
1.5194,1.52
1.5204,1.52
1.5214,1.52
1.5263,1.53
1.5386,1.54
1.5362,1.54
1.5344,1.53
1.5336,1.53
1.5565,1.56
1.5625,1.56
1.5723,1.57
1.5729,1.57
1.5621,1.55
1.5639,1.56
1.5420,1.53
1.5432,1.54
1.5628,1.56
1.5840,1.58
1.5777,1.57
1.5810,1.57
1.5763,1.57
1.5616,1.56
1.5688,1.56
1.5682,1.56
1.5730,1.57
1.5709,1.57
1.5700,1.57
1.5829,1.58
1.5741,1.57
1.5696,1.56
1.5840,1.58
1.5790,1.57
1.5939,1.59
1.5893,1.59
1.5811,1.58
1.5911,1.59
1.5999,1.60
1.5881,1.59
1.5678,1.56
1.5616,1.56
1.5649,1.56
1.5567,1.55
1.5613,1.56
1.5466,1.54
1.5432,1.54
1.5497,1.55
1.5530,1.55
1.5393,1.54
1.5402,1.54
1.5461,1.54
1.5539,1.55
1.5470,1.54
1.5481,1.55
1.5440,1.54
1.5596,1.56
1.5518,1.55
1.5650,1.56
1.5793,1.58
1.5724,1.57
1.5773,1.58
1.5676,1.57
1.5645,1.56
1.5515,1.55
1.5558,1.55
1.5536,1.55
1.5433,1.54
1.5421,1.54
1.5583,1.56
1.5793,1.58
1.5641,1.56
1.5451,1.55
1.5556,1.56
1.5449,1.54
1.5409,1.54
1.5465,1.54
1.5505,1.54
1.5530,1.55
1.5504,1.54
1.5629,1.55
1.5517,1.55
1.5565,1.55
1.5667,1.56
1.5752,1.57
1.5775,1.57
1.5754,1.57
1.5793,1.57
1.5885,1.58
1.5696,1.56
1.5695,1.57
1.5723,1.57
1.5668,1.56
1.5739,1.57
1.5785,1.57
1.5962,1.59
1.5899,1.59
1.5915,1.59
1.5822,1.58
1.5857,1.58
1.5836,1.58
1.5925,1.59
1.5790,1.57
1.5682,1.56
1.5675,1.56
1.5699,1.57
1.5738,1.57
1.5582,1.55
1.5576,1.55
1.5596,1.56
1.5569,1.55
1.5572,1.55
1.5452,1.54
1.5413,1.54
1.5320,1.53
1.4933,1.50
1.4897,1.49
1.4906,1.49
1.4921,1.49
1.4801,1.48
1.4681,1.47
1.4681,1.47
1.4784,1.48
1.4741,1.47
1.4893,1.49
1.4786,1.48
1.4750,1.47
1.4645,1.46
1.4712,1.47
1.4702,1.47
1.4605,1.47
1.4515,1.45
1.4491,1.45
1.4232,1.43
1.4383,1.43
1.4124,1.41
1.4110,1.41
1.3974,1.40
1.4017,1.40
1.4313,1.43
1.4261,1.42
1.4110,1.41
1.4317,1.43
1.4325,1.43
1.4490,1.45
1.4793,1.48
1.4644,1.47
1.4609,1.46
1.4615,1.46
1.4520,1.46
1.4416,1.44
1.4122,1.42
1.4024,1.40
1.3816,1.38
1.3663,1.36
1.3484,1.35
1.3628,1.36
1.3630,1.37
1.3587,1.36
1.3557,1.36
1.3592,1.36
1.3620,1.36
1.3465,1.35
1.3481,1.35
1.3401,1.34
1.3330,1.33
1.3063,1.30
1.2827,1.28
1.2971,1.29
1.2548,1.26
1.2472,1.25
1.2765,1.28
1.2963,1.29
1.2852,1.29
1.2748,1.27
1.2630,1.26
1.2978,1.30
1.2959,1.29
1.2715,1.27
1.2818,1.28
1.2754,1.27
1.2526,1.25
1.2503,1.24
1.2784,1.28
1.2532,1.25
1.2647,1.26
1.2615,1.26
1.2501,1.25
1.2444,1.24
1.2590,1.26
1.2927,1.29
1.3061,1.31
1.2901,1.29
1.2709,1.27
1.2608,1.26
1.2711,1.27
1.2701,1.27
1.2786,1.28
1.2725,1.27
1.2952,1.29
1.2925,1.29
1.3012,1.30
1.3355,1.33
1.3367,1.34
1.3701,1.37
1.4050,1.40
1.4404,1.44
1.4241,1.42
1.3931,1.39
1.3947,1.39
1.3938,1.39
1.4006,1.40
1.4059,1.40
1.3944,1.39
1.4065,1.41
1.3990,1.39
1.3901,1.39
1.3608,1.36
1.3528,1.35
1.3650,1.36
1.3707,1.37
1.3472,1.34
1.3359,1.33
1.3189,1.32
1.3183,1.31
1.3125,1.31
1.3088,1.33
1.2905,1.28
1.3049,1.31
1.3001,1.30
1.2968,1.30
1.3179,1.32
1.3161,1.32
1.3152,1.31
1.2951,1.29
1.2767,1.28
1.2847,1.28
1.3027,1.30
1.2851,1.28
1.2794,1.28
1.2960,1.30
1.3011,1.30
1.2915,1.29
1.2900,1.29
1.2869,1.29
1.2789,1.28
1.2581,1.26
1.2533,1.25
1.2668,1.27
1.2795,1.28
1.2693,1.27
1.2840,1.29
1.2717,1.27
1.2743,1.27
1.2625,1.26
1.2576,1.26
1.2555,1.25
1.2659,1.26
1.2545,1.25
1.2666,1.27
1.2602,1.26
1.2681,1.27
1.2839,1.28
1.2913,1.29
1.2883,1.29
1.2981,1.30
1.3012,1.30
1.3517,1.35
1.3659,1.37
1.3631,1.36
1.3621,1.36
1.3470,1.35
1.3586,1.36
1.3524,1.35
1.3224,1.32
1.3201,1.32
1.3246,1.32
1.3225,1.32
1.3457,1.35
1.3509,1.35
1.3394,1.34
1.3265,1.33
1.3264,1.33
1.3187,1.32
1.3366,1.34
1.3258,1.33
1.3210,1.32
1.3182,1.32
1.3045,1.30
1.2919,1.29
1.2946,1.29
1.2993,1.30
1.3136,1.31
1.3240,1.32
1.3018,1.30
1.3138,1.31
1.3251,1.33
1.3225,1.32
1.3285,1.33
1.3408,1.34
1.3305,1.33
1.3307,1.33
1.3390,1.34
1.3645,1.37
1.3570,1.36
1.3642,1.36
1.3595,1.36
1.3633,1.36
1.3484,1.35
1.3553,1.36
1.3625,1.36
1.3760,1.38
1.3892,1.39
1.4009,1.40
1.3986,1.40
1.3832,1.38
1.3934,1.39
1.4122,1.41
1.4146,1.42
1.4308,1.43
1.4144,1.41
1.4175,1.42
1.3942,1.39
1.3894,1.39
1.4066,1.41
1.3962,1.40
1.4098,1.41
1.3986,1.40
1.3786,1.38
1.3834,1.38
1.3941,1.39
1.3902,1.39
1.3950,1.39
1.3858,1.38
1.4075,1.41
1.3933,1.39
1.3992,1.40
1.4062,1.41
1.4078,1.41
1.4032,1.40
1.4148,1.41
1.3955,1.40
1.3975,1.40
1.3917,1.39
1.3871,1.39
1.4021,1.40
1.3945,1.39
1.3979,1.40
1.3967,1.40
1.4100,1.41
1.4142,1.41
1.4114,1.41
1.4222,1.42
1.4217,1.42
1.4205,1.42
1.4157,1.42
1.4225,1.42
1.4242,1.42
1.4172,1.42
1.4033,1.40
1.4064,1.41
1.4266,1.43
1.4415,1.44
1.4391,1.44
1.4414,1.44
1.4353,1.44
1.4173,1.42
1.4144,1.41
1.4146,1.41
1.4201,1.42
1.4280,1.43
1.4185,1.42
1.4072,1.41
1.4131,1.41
1.4232,1.42
1.4246,1.42
1.4341,1.43
1.4296,1.43
1.4301,1.43
1.4243,1.42
1.4343,1.43
1.4305,1.43
1.4330,1.43
1.4215,1.42
1.4263,1.43
1.4257,1.43
1.4332,1.43
1.4486,1.45
1.4569,1.46
1.4574,1.46
1.4595,1.46
1.4627,1.46
1.4656,1.47
1.4706,1.47
1.4741,1.47
1.4688,1.47
1.4675,1.47
1.4788,1.48
1.4708,1.47
1.4662,1.47
1.4697,1.47
1.4617,1.46
1.4581,1.46
1.4635,1.46
1.4531,1.45
1.4590,1.46
1.4647,1.46
1.4715,1.47
1.4687,1.47
1.4791,1.48
1.4722,1.47
1.4778,1.48
1.4852,1.49
1.4934,1.49
1.4942,1.49
1.4892,1.49
1.4973,1.50
1.4932,1.49
1.4998,1.50
1.5021,1.50
1.4998,1.50
1.4861,1.49
1.4810,1.48
1.4712,1.47
1.4832,1.48
1.4712,1.47
1.4771,1.48
1.4729,1.47
1.4870,1.49
1.4867,1.49
1.4884,1.49
1.4996,1.50
1.4983,1.50
1.4979,1.50
1.4845,1.48
1.4923,1.49
1.4970,1.50
1.4874,1.49
1.4961,1.50
1.4922,1.49
1.4858,1.49
1.4964,1.50
1.4959,1.50
1.5019,1.51
1.5009,1.50
1.5005,1.50
1.5083,1.51
1.5042,1.50
1.5049,1.51
1.4852,1.49
1.4821,1.48
1.4703,1.47
1.4725,1.47
1.4732,1.47
1.4624,1.46
1.4655,1.46
1.4534,1.45
1.4534,1.45
1.4337,1.43
1.4304,1.43
1.4282,1.43
1.4250,1.43
1.4334,1.43
1.4375,1.44
1.4375,1.44
1.4350,1.43
1.4338,1.43
1.4323,1.43
1.4407,1.44
1.4363,1.44
1.4407,1.44
1.4318,1.43
1.4430,1.44
1.4513,1.45
1.4482,1.45
1.4509,1.45
1.4501,1.45
1.4382,1.43
1.4290,1.43
1.4104,1.41
1.4079,1.41
1.4159,1.41
1.4148,1.41
1.4073,1.41
1.4020,1.40
1.3972,1.40
1.3862,1.39
1.3928,1.39
1.3962,1.40
1.3888,1.39
1.3726,1.37
1.3663,1.37
1.3650,1.37
1.3791,1.38
1.3731,1.37
1.3691,1.37
1.3596,1.36
1.3764,1.38
1.3603,1.36
1.3529,1.35
1.3636,1.36
1.3590,1.36
1.3509,1.35
1.3535,1.35
1.3546,1.35
1.3624,1.36
1.3556,1.36
1.3614,1.36
1.3693,1.37
1.3580,1.36
1.3629,1.36
1.3629,1.36
1.3599,1.36
1.3654,1.37
1.3677,1.37
1.3774,1.38
1.3674,1.37
1.3769,1.38
1.3731,1.37
1.3604,1.36
1.3524,1.35
1.3561,1.36
1.3494,1.35
1.3315,1.33
1.3277,1.33
1.3486,1.35
1.3478,1.35
1.3414,1.34
1.3509,1.35
1.3582,1.36
1.3488,1.35
1.3482,1.35
1.3395,1.34
1.3335,1.33
1.3357,1.34
1.3620,1.36
1.3583,1.36
1.3616,1.36
1.3652,1.37
1.3577,1.36
1.3477,1.35
1.3488,1.35
1.3436,1.34
1.3384,1.34
1.3283,1.33
1.3344,1.34
1.3393,1.34
1.3153,1.32
1.3203,1.32
1.3242,1.32
1.3340,1.33
1.3191,1.32
1.2966,1.30
1.2823,1.28
1.2630,1.26
1.2932,1.29
1.2789,1.28
1.2639,1.26
1.2629,1.26
1.2521,1.25
1.2349,1.24
1.2392,1.24
1.2181,1.22
1.2426,1.24
1.2465,1.25
1.2545,1.26
1.2344,1.24
1.2372,1.24
1.2156,1.22
1.2360,1.24
1.2303,1.23
1.2205,1.22
1.2247,1.23
1.2162,1.22
1.1945,1.20
1.1916,1.19
1.1969,1.20
1.1980,1.20
1.2106,1.21
1.2124,1.21
1.2212,1.22
1.2320,1.23
1.2297,1.23
1.2381,1.24
1.2437,1.24
1.2320,1.23
1.2261,1.23
1.2316,1.23
1.2327,1.23
1.2371,1.24
1.2274,1.23
1.2183,1.22
1.2233,1.22
1.2514,1.25
1.2537,1.26
1.2626,1.26
1.2633,1.26
1.2695,1.27
1.2639,1.26
1.2588,1.26
1.2722,1.27
1.2740,1.27
1.2927,1.29
1.2893,1.29
1.2946,1.29
1.2880,1.29
1.2750,1.28
1.2884,1.29
1.2900,1.29
1.2988,1.30
1.3001,1.30
1.2987,1.30
1.3078,1.31
1.3060,1.31
1.3179,1.32
1.3227,1.32
1.3152,1.32
1.3182,1.32
1.3289,1.33
1.3221,1.32
1.3175,1.32
1.2845,1.28
1.2827,1.28
1.2758,1.28
1.2822,1.28
1.2879,1.29
1.2854,1.29
1.2818,1.28
1.2703,1.27
1.2649,1.27
1.2630,1.26
1.2659,1.27
1.2713,1.27
1.2765,1.28
1.2663,1.27
1.2685,1.27
1.2798,1.28
1.2826,1.28
1.2872,1.29
1.2683,1.27
1.2721,1.27
1.2696,1.27
1.2706,1.27
1.2877,1.29
1.2992,1.30
1.3010,1.30
1.3078,1.31
1.3052,1.30
1.3061,1.31
1.3252,1.32
1.3393,1.34
1.3312,1.33
1.3479,1.35
1.3443,1.34
1.3578,1.36
1.3623,1.36
1.3629,1.36
1.3790,1.38
1.3678,1.37
1.3836,1.38
1.3929,1.39
1.3918,1.39
1.3992,1.40
1.3872,1.39
1.3914,1.39
1.3955,1.40
1.4075,1.41
1.3974,1.40
1.3948,1.39
1.3728,1.37
1.3960,1.39
1.3921,1.39
1.3955,1.39
1.3964,1.39
1.3857,1.39
1.3760,1.38
1.3924,1.39
1.3961,1.40
1.3894,1.39
1.4036,1.40
1.4137,1.41
1.4213,1.42
1.4050,1.41
1.3919,1.39
1.3774,1.38
1.3781,1.38
1.3664,1.37
1.3709,1.37
1.3586,1.36
1.3486,1.35
1.3526,1.35
1.3644,1.36
1.3714,1.36
1.3618,1.36
1.3364,1.34
1.3352,1.33
1.3285,1.33
1.3121,1.31
1.2984,1.30
1.3134,1.31
1.3221,1.32
1.3382,1.34
1.3303,1.33
1.3260,1.33
1.3261,1.33
1.3236,1.32
1.3205,1.32
1.3388,1.34
1.3381,1.34
1.3211,1.32
1.3236,1.32
1.3179,1.32
1.3126,1.31
1.3094,1.31
1.3095,1.31
1.3114,1.31
1.3163,1.32
1.3115,1.31
1.3223,1.32
1.3287,1.33
1.3345,1.33
1.3356,1.34
1.3303,1.33
1.3146,1.32
1.3002,1.30
1.2880,1.29
1.2947,1.29
1.2970,1.30
1.3129,1.31
1.3361,1.33
1.3290,1.34
1.3386,1.34
1.3474,1.35
1.3472,1.35
1.3637,1.36
1.3637,1.36
1.3685,1.37
1.3709,1.37
1.3732,1.37
1.3598,1.36
1.3684,1.37
1.3828,1.38
1.3811,1.38
1.3638,1.36
1.3561,1.36
1.3581,1.36
1.3624,1.36
1.3727,1.37
1.3596,1.36
1.3507,1.35
1.3487,1.35
1.3486,1.35
1.3567,1.36
1.3607,1.36
1.3676,1.37
1.3658,1.37
1.3746,1.37
1.3796,1.38
1.3756,1.37
1.3802,1.38
1.3775,1.38
1.3865,1.39
1.3965,1.40
1.3995,1.40
1.3971,1.40
1.3903,1.39
1.3905,1.39
1.3796,1.38
1.3961,1.40
1.3986,1.40
1.3996,1.40
1.3905,1.39
1.4014,1.40
1.4181,1.42
1.4218,1.42
1.4197,1.42
1.4088,1.41
1.4168,1.42
1.4045,1.40
1.4079,1.41
1.4111,1.41
1.4127,1.41
1.4171,1.42
1.4223,1.42
1.4217,1.42
1.4216,1.42
1.4332,1.43
1.4301,1.43
1.4453,1.44
1.4431,1.44
1.4476,1.45
1.4440,1.44
1.4485,1.45
1.4417,1.44
1.4222,1.42
1.4336,1.43
1.4519,1.45
1.4558,1.45
1.4578,1.46
1.4645,1.46
1.4781,1.48
1.4825,1.48
1.4823,1.48
1.4818,1.48
1.4820,1.48
1.4825,1.48
1.4540,1.45
1.4367,1.44
1.4352,1.43
1.4404,1.44
1.4203,1.42
1.4240,1.42
1.4078,1.41
1.4160,1.42
1.4235,1.42
1.4248,1.42
1.4305,1.43
1.4129,1.41
1.4045,1.40
1.4098,1.41
1.4084,1.41
1.4134,1.41
1.4282,1.43
1.4391,1.44
1.4321,1.43
1.4491,1.45
1.4627,1.46
1.4575,1.46
1.4690,1.47
1.4577,1.46
1.4507,1.45
1.4328,1.43
1.4417,1.44
1.4440,1.44
1.4162,1.41
1.4210,1.42
1.4272,1.42
1.4306,1.43
1.4396,1.44
1.4333,1.43
1.4261,1.42
1.4190,1.42
1.4283,1.43
1.4363,1.43
1.4431,1.44
1.4497,1.45
1.4540,1.45
1.4420,1.44
1.4316,1.43
1.4357,1.43
1.4215,1.42
1.4043,1.40
1.3973,1.39
1.4186,1.42
1.4141,1.41
1.4111,1.41
1.4100,1.41
1.4150,1.41
1.4224,1.42
1.4420,1.44
1.4396,1.44
1.4375,1.44
1.4514,1.45
1.4371,1.43
1.4327,1.43
1.4357,1.43
1.4261,1.42
1.4183,1.42
1.4330,1.43
1.4097,1.41
1.4385,1.43
1.4171,1.42
1.4393,1.44
1.4161,1.42
1.4239,1.42
1.4259,1.43
1.4445,1.44
1.4401,1.44
1.4423,1.44
1.4326,1.43
1.4374,1.44
1.4357,1.44
1.4431,1.44
1.4410,1.44
1.4372,1.44
1.4495,1.45
1.4514,1.45
1.4435,1.44
1.4375,1.44
1.4257,1.43
1.4095,1.42
1.3994,1.40
1.4092,1.41
1.3881,1.39
1.3567,1.36
1.3667,1.37
1.3681,1.37
1.3741,1.37
1.3883,1.39
1.3670,1.37
1.3672,1.37
1.3700,1.37
1.3578,1.36
1.3459,1.35
1.3507,1.35
1.3527,1.35
1.3588,1.36
1.3527,1.35
1.3583,1.36
1.3336,1.34
1.3181,1.32
1.3344,1.33
1.3353,1.33
1.3428,1.34
1.3395,1.34
1.3639,1.36
1.3648,1.36
1.3783,1.38
1.3771,1.38
1.3883,1.39
1.3733,1.37
1.3738,1.37
1.3753,1.38
1.3773,1.38
1.3864,1.39
1.3928,1.39
1.3909,1.39
1.3882,1.39
1.4180,1.42
1.4148,1.41
1.3855,1.39
1.3695,1.37
1.3748,1.37
1.3811,1.38
1.3836,1.38
1.3775,1.38
1.3835,1.38
1.3544,1.35
1.3599,1.36
1.3806,1.38
1.3630,1.36
1.3535,1.35
1.3457,1.35
1.3459,1.35
1.3506,1.35
1.3493,1.35
1.3508,1.35
1.3346,1.33
1.3317,1.33
1.3312,1.33
1.3315,1.33
1.3436,1.34
1.3462,1.35
1.3435,1.34
1.3389,1.34
1.3397,1.34
1.3413,1.34
1.3341,1.34
1.3381,1.34
1.3187,1.32
1.3029,1.30
1.2980,1.30
1.3017,1.30
1.3042,1.30
1.3002,1.30
1.3079,1.31
1.3044,1.31
1.3049,1.31
1.3061,1.31
1.3069,1.31
1.2938,1.30
1.2960,1.30
1.2933,1.30
1.3050,1.31
1.2944,1.29
1.2787,1.28
1.2691,1.27
1.2765,1.28
1.2773,1.28
1.2705,1.27
1.2822,1.28
1.2662,1.26
1.2735,1.27
1.2857,1.29
1.2966,1.30
1.2870,1.29
1.3027,1.30
1.3028,1.30
1.3102,1.31
1.3104,1.31
1.3223,1.32
1.3134,1.31
1.3081,1.31
1.3160,1.32
1.3143,1.31
1.3111,1.31
1.3134,1.31
1.3259,1.33
1.3259,1.33
1.3282,1.33
1.3207,1.32
1.3192,1.32
1.3125,1.31
1.3065,1.31
1.3133,1.31
1.3244,1.32
1.3234,1.32
1.3244,1.32
1.3372,1.34
1.3463,1.35
1.3396,1.34
1.3464,1.35
1.3325,1.33
1.3312,1.33
1.3190,1.32
1.3219,1.32
1.3115,1.31
1.3146,1.32
1.3280,1.33
1.3110,1.31
1.3148,1.32
1.3076,1.31
1.3029,1.30
1.3081,1.31
1.3179,1.32
1.3238,1.32
1.3223,1.32
1.3208,1.32
1.3196,1.32
1.3271,1.33
1.3353,1.34
1.3316,1.33
1.3315,1.33
1.3298,1.33
1.3358,1.34
1.3319,1.33
1.3231,1.32
1.3139,1.31
1.3062,1.31
1.3100,1.31
1.3106,1.31
1.3081,1.31
1.3108,1.31
1.3184,1.32
1.3065,1.31
1.3134,1.31
1.3125,1.31
1.3120,1.31
1.3135,1.31
1.3191,1.32
1.3156,1.32
1.3194,1.32
1.3220,1.32
1.3188,1.32
1.3239,1.32
1.3240,1.32
1.3236,1.32
1.3152,1.32
1.3150,1.32
1.3028,1.30
1.3057,1.31
1.2999,1.30
1.2930,1.29
1.2931,1.29
1.2881,1.29
1.2823,1.28
1.2731,1.27
1.2715,1.27
1.2684,1.27
1.2781,1.28
1.2812,1.28
1.2685,1.27
1.2588,1.26
1.2539,1.25
1.2540,1.26
1.2485,1.25
1.2365,1.24
1.2359,1.24
1.2431,1.24
1.2493,1.25
1.2451,1.25
1.2577,1.26
1.2562,1.26
1.2657,1.26
1.2466,1.25
1.2505,1.25
1.2563,1.26
1.2626,1.26
1.2720,1.27
1.2574,1.26
1.2686,1.27
1.2703,1.27
1.2546,1.26
1.2551,1.26
1.2500,1.25
1.2490,1.25
1.2469,1.25
1.2439,1.25
1.2671,1.27
1.2581,1.26
1.2526,1.26
1.2390,1.24
1.2270,1.23
1.2314,1.23
1.2250,1.23
1.2237,1.23
1.2196,1.22
1.2254,1.23
1.2272,1.23
1.2295,1.23
1.2283,1.23
1.2278,1.23
1.2117,1.21
1.2115,1.21
1.2058,1.21
1.2157,1.22
1.2281,1.23
1.2340,1.23
1.2261,1.23
1.2303,1.23
1.2224,1.22
1.2178,1.22
1.2378,1.24
1.2400,1.24
1.2400,1.24
1.2366,1.24
1.2305,1.23
1.2279,1.23
1.2331,1.23
1.2321,1.23
1.2290,1.23
1.2354,1.24
1.2342,1.23
1.2345,1.23
1.2471,1.25
1.2526,1.25
1.2562,1.26
1.2510,1.25
1.2497,1.25
1.2565,1.26
1.2529,1.25
1.2504,1.25
1.2591,1.26
1.2564,1.26
1.2600,1.26
1.2630,1.26
1.2806,1.28
1.2756,1.28
1.2854,1.29
1.2899,1.29
1.2987,1.30
1.3126,1.31
1.3116,1.31
1.3045,1.31
1.3048,1.31
1.2968,1.30
1.2980,1.30
1.2930,1.29
1.2898,1.29
1.2870,1.29
1.2912,1.29
1.2858,1.29
1.2886,1.29
1.2918,1.29
1.2904,1.29
1.3017,1.30
1.3029,1.30
1.2969,1.30
1.2884,1.29
1.2874,1.29
1.2926,1.29
1.2955,1.30
1.2948,1.30
1.3052,1.31
1.3117,1.31
1.3064,1.31
1.3012,1.30
1.3059,1.31
1.2983,1.30
1.2972,1.30
1.2932,1.29
1.2946,1.30
1.2902,1.29
1.2959,1.30
1.2959,1.30
1.2941,1.29
1.2811,1.28
1.2794,1.28
1.2812,1.28
1.2769,1.28
1.2746,1.28
1.2710,1.27
1.2707,1.27
1.2704,1.27
1.2733,1.27
1.2779,1.28
1.2736,1.27
1.2812,1.28
1.2816,1.28
1.2881,1.28
1.2971,1.30
1.2969,1.30
1.2942,1.29
1.2950,1.30
1.2977,1.30
1.2983,1.30
1.3052,1.31
1.3093,1.31
1.3067,1.31
1.2966,1.30
1.2900,1.29
1.2940,1.29
1.3005,1.30
1.3072,1.31
1.3077,1.31
1.3188,1.32
1.3163,1.32
1.3228,1.32
1.3226,1.32
1.3242,1.33
1.3187,1.32
1.3182,1.32
1.3224,1.32
1.3234,1.32
1.3211,1.32
1.3203,1.33
1.3185,1.32
1.3046,1.31
1.3070,1.31
1.3114,1.31
1.3080,1.31
1.3063,1.31
1.3271,1.33
1.3339,1.34
1.3380,1.34
1.3303,1.33
1.3288,1.33
1.3374,1.34
1.3311,1.33
1.3319,1.33
1.3317,1.33
1.3375,1.34
1.3463,1.35
1.3454,1.35
1.3490,1.35
1.3566,1.36
1.3576,1.36
1.3641,1.37
1.3512,1.35
1.3581,1.36
1.3520,1.35
1.3396,1.34
1.3358,1.34
1.3405,1.34
1.3452,1.35
1.3450,1.35
1.3362,1.34
1.3350,1.33
1.3386,1.34
1.3282,1.33
1.3188,1.32
1.3175,1.32
1.3061,1.31
1.3059,1.31
1.3138,1.31
1.3054,1.31
1.3016,1.30
1.3025,1.30
1.3051,1.30
1.2965,1.30
1.3105,1.31
1.2997,1.30
1.3042,1.30
1.3033,1.30
1.2960,1.30
1.3003,1.30
1.2957,1.29
1.2955,1.30
1.2880,1.29
1.2931,1.30
1.2896,1.29
1.2971,1.30
1.2851,1.29
1.2861,1.29
1.2778,1.28
1.2813,1.28
1.2845,1.29
1.2819,1.28
1.2849,1.29
1.2934,1.29
1.2973,1.30
1.3007,1.30
1.3080,1.31
1.3068,1.31
1.3097,1.31
1.3131,1.31
1.3032,1.30
1.3175,1.32
1.3029,1.30
1.3049,1.31
1.3078,1.31
1.3064,1.31
1.2997,1.30
1.3012,1.30
1.3011,1.30
1.3029,1.31
1.3097,1.31
1.3166,1.32
1.3179,1.32
1.3063,1.31
1.3113,1.31
1.3074,1.31
1.3077,1.31
1.3151,1.32
1.3041,1.30
1.2956,1.30
1.2974,1.30
1.2918,1.29
1.2885,1.29
1.2880,1.29
1.2809,1.28
1.2881,1.29
1.2904,1.29
1.2856,1.29
1.2935,1.29
1.2927,1.29
1.2854,1.29
1.2938,1.29
1.3049,1.30
1.2982,1.30
1.3075,1.31
1.3080,1.31
1.3093,1.31
1.3245,1.32
1.3206,1.32
1.3256,1.33
1.3312,1.33
1.3335,1.33
1.3374,1.34
1.3340,1.33
1.3367,1.34
1.3392,1.34
1.3294,1.33
1.3218,1.32
1.3115,1.31
1.3117,1.31
1.3080,1.31
1.3010,1.30
1.3035,1.30
1.3005,1.30
1.3063,1.31
1.2976,1.30
1.2912,1.30
1.2824,1.28
1.2869,1.29
1.2779,1.28
1.2977,1.30
1.3095,1.31
1.3065,1.31
1.3061,1.31
1.3160,1.32
1.3124,1.31
1.3109,1.31
1.3139,1.31
1.3184,1.32
1.3222,1.32
1.3198,1.32
1.3276,1.33
1.3273,1.33
1.3261,1.33
1.3262,1.33
1.3300,1.33
1.3205,1.32
1.3273,1.33
1.3257,1.33
1.3305,1.33
1.3336,1.33
1.3379,1.34
1.3338,1.33
1.3298,1.33
1.3261,1.33
1.3254,1.33
1.3346,1.34
1.3326,1.33
1.3335,1.33
1.3415,1.34
1.3353,1.34
1.3355,1.34
1.3381,1.34
1.3367,1.34
1.3391,1.34
1.3338,1.33
1.3240,1.32
1.3190,1.32
1.3169,1.32
1.3206,1.32
1.3118,1.31
1.3168,1.32
1.3253,1.33
1.3268,1.33
1.3308,1.33
1.3297,1.33
1.3305,1.34
1.3332,1.33
1.3358,1.34
1.3520,1.35
1.3529,1.35
1.3545,1.35
1.3492,1.35
1.3472,1.35
1.3525,1.35
1.3486,1.35
1.3478,1.35
1.3526,1.35
1.3524,1.35
1.3576,1.36
1.3617,1.36
1.3555,1.36
1.3581,1.36
1.3572,1.36
1.3523,1.35
1.3518,1.35
1.3543,1.36
1.3560,1.36
1.3522,1.35
1.3534,1.35
1.3674,1.37
1.3686,1.37
1.3681,1.37
1.3781,1.38
1.3775,1.38
1.3800,1.38
1.3802,1.38
1.3783,1.38
1.3744,1.37
1.3734,1.37
1.3582,1.36
1.3487,1.35
1.3513,1.35
1.3473,1.35
1.3512,1.35
1.3419,1.34
1.3361,1.34
1.3406,1.34
1.3434,1.34
1.3486,1.35
1.3458,1.35
1.3500,1.35
1.3503,1.35
1.3538,1.35
1.3439,1.34
1.3481,1.35
1.3548,1.36
1.3516,1.35
1.3570,1.36
1.3604,1.36
1.3588,1.36
1.3540,1.35
1.3588,1.36
1.3593,1.36
1.3666,1.37
1.3719,1.37
1.3736,1.37
1.3759,1.38
1.3786,1.38
1.3753,1.37
1.3739,1.37
1.3760,1.38
1.3768,1.38
1.3684,1.37
1.3662,1.37
1.3669,1.37
1.3695,1.37
1.3679,1.37
1.3691,1.37
1.3742,1.38
1.3802,1.38
1.3754,1.37
1.3670,1.37
1.3588,1.36
1.3626,1.36
1.3615,1.36
1.3574,1.36
1.3607,1.36
1.3668,1.37
1.3669,1.37
1.3678,1.37
1.3603,1.36
1.3618,1.36
1.3550,1.35
1.3558,1.36
1.3546,1.35
1.3694,1.37
1.3675,1.37
1.3672,1.37
1.3667,1.37
1.3661,1.37
1.3555,1.36
1.3492,1.35
1.3523,1.35
1.3518,1.35
1.3531,1.35
1.3588,1.36
1.3631,1.36
1.3645,1.36
1.3637,1.36
1.3592,1.36
1.3679,1.37
1.3705,1.37
1.3756,1.38
1.3732,1.37
1.3717,1.37
1.3734,1.37
1.3734,1.37
1.3743,1.37
1.3686,1.37
1.3707,1.37
1.3785,1.38
1.3733,1.37
1.3742,1.37
1.3731,1.37
1.3858,1.39
1.3874,1.39
1.3874,1.39
1.3859,1.39
1.3902,1.39
1.3866,1.39
1.3909,1.39
1.3920,1.39
1.3932,1.39
1.3831,1.38
1.3777,1.38
1.3791,1.38
1.3837,1.38
1.3825,1.38
1.3780,1.38
1.3739,1.37
1.3754,1.38
1.3767,1.38
1.3791,1.38
1.3766,1.38
1.3718,1.37
1.3695,1.37
1.3739,1.37
1.3794,1.38
1.3854,1.39
1.3886,1.39
1.3836,1.39
1.3819,1.38
1.3812,1.38
1.3815,1.38
1.3808,1.38
1.3792,1.38
1.3804,1.38
1.3816,1.38
1.3830,1.38
1.3833,1.38
1.3848,1.38
1.3811,1.38
1.3865,1.39
1.3868,1.39
1.3870,1.39
1.3874,1.39
1.3926,1.39
1.3910,1.39
1.3838,1.38
1.3749,1.38
1.3755,1.38
1.3703,1.37
1.3714,1.37
1.3709,1.37
1.3701,1.37
1.3707,1.37
1.3702,1.37
1.3685,1.37
1.3655,1.37
1.3644,1.36
1.3633,1.36
1.3588,1.36
1.3600,1.36
1.3633,1.36
1.3596,1.36
1.3627,1.36
1.3597,1.36
1.3660,1.37
1.3643,1.36
1.3593,1.36
1.3547,1.35
1.3531,1.35
1.3551,1.36
1.3534,1.35
1.3573,1.36
1.3546,1.36
1.3595,1.36
1.3607,1.36
1.3593,1.36
1.3603,1.36
1.3606,1.36
1.3628,1.36
1.3609,1.36
1.3645,1.36
1.3691,1.37
1.3677,1.37
1.3658,1.37
1.3595,1.36
1.3604,1.36
1.3612,1.36
1.3643,1.36
1.3608,1.36
1.3601,1.36
1.3619,1.36
1.3567,1.36
1.3524,1.35
1.3525,1.35
1.3526,1.35
1.3523,1.35
1.3464,1.35
1.3462,1.35
1.3463,1.35
1.3430,1.34
1.3439,1.34
1.3408,1.34
1.3395,1.34
1.3390,1.34
1.3426,1.34
1.3421,1.34
1.3375,1.34
1.3382,1.34
1.3362,1.34
1.3400,1.34
1.3385,1.34
1.3369,1.34
1.3362,1.34
1.3365,1.34
1.3392,1.34
1.3362,1.34
1.3318,1.33
1.3259,1.33
1.3281,1.33
1.3218,1.32
1.3191,1.32
1.3167,1.32
1.3192,1.32
1.3178,1.32
1.3128,1.31
1.3130,1.31
1.3146,1.31
1.2943,1.29
1.2942,1.30
1.2896,1.29
1.2935,1.29
1.2916,1.29
1.2924,1.29
1.2975,1.30
1.2937,1.29
1.2958,1.30
1.2864,1.29
1.2922,1.29
1.2826,1.28
1.2849,1.29
1.2845,1.29
1.2779,1.28
1.2750,1.28
1.2684,1.27
1.2683,1.27
1.2630,1.26
1.2621,1.26
1.2667,1.27
1.2507,1.25
1.2654,1.27
1.2668,1.27
1.2732,1.27
1.2690,1.27
1.2636,1.26
1.2751,1.27
1.2658,1.27
1.2835,1.28
1.2809,1.28
1.2757,1.28
1.2800,1.28
1.2715,1.27
1.2648,1.27
1.2645,1.27
1.2681,1.27
1.2698,1.27
1.2733,1.27
1.2630,1.26
1.2612,1.26
1.2515,1.25
1.2481,1.25
1.2545,1.26
1.2485,1.25
1.2373,1.24
1.2451,1.25
1.2420,1.24
1.2475,1.25
1.2438,1.24
1.2475,1.25
1.2525,1.25
1.2449,1.25
1.2536,1.25
1.2553,1.26
1.2538,1.25
1.2376,1.24
1.2442,1.24
1.2474,1.25
1.2466,1.25
1.2455,1.24
1.2469,1.25
1.2381,1.24
1.2311,1.23
1.2379,1.24
1.2277,1.23
1.2316,1.23
1.2373,1.24
1.2446,1.24
1.2411,1.24
1.2461,1.25
1.2435,1.25
1.2510,1.25
1.2341,1.23
1.2285,1.23
1.2225,1.22
1.2229,1.22
1.2171,1.22
1.2222,1.22
1.2181,1.22
1.2150,1.22
1.2154,1.22
1.2103,1.21
1.2001,1.20
1.1932,1.19
1.1889,1.19
1.1839,1.18
1.1791,1.18
1.1837,1.19
1.1832,1.18
1.1772,1.18
1.1787,1.18
1.1630,1.16
1.1604,1.16
1.1550,1.16
1.1609,1.16
1.1365,1.14
1.1184,1.12
1.1236,1.12
1.1380,1.14
1.1286,1.13
1.1319,1.13
1.1282,1.13
1.1341,1.13
1.1480,1.15
1.1343,1.13
1.1475,1.15
1.1314,1.13
1.1325,1.13
1.1319,1.13
1.1333,1.13
1.1401,1.14
1.1352,1.14
1.1410,1.14
1.1396,1.14
1.1367,1.14
1.1382,1.14
1.1334,1.13
1.1339,1.13
1.1359,1.14
1.1197,1.12
1.1186,1.12
1.1181,1.12
1.1176,1.12
1.1077,1.11
1.1031,1.10
1.0830,1.08
1.0850,1.09
1.0697,1.07
1.0546,1.05
1.0635,1.06
1.0492,1.05
1.0566,1.06
1.0596,1.06
1.0865,1.08
1.0659,1.07
1.0836,1.09
1.0945,1.10
1.0923,1.09
1.0968,1.10
1.0884,1.09
1.0887,1.09
1.0832,1.08
1.0733,1.08
1.0762,1.08
1.0881,1.09
1.0988,1.10
1.0919,1.09
1.0814,1.08
1.0780,1.08
1.0658,1.07
1.0600,1.06
1.0565,1.06
1.0653,1.07
1.0683,1.07
1.0760,1.08
1.0820,1.08
1.0737,1.07
1.0735,1.07
1.0724,1.07
1.0823,1.08
1.0870,1.09
1.0892,1.09
1.0980,1.10
1.1128,1.11
1.1221,1.12
1.1200,1.12
1.1145,1.12
1.1184,1.12
1.1346,1.13
1.1265,1.13
1.1196,1.12
1.1154,1.12
1.1212,1.12
1.1357,1.14
1.1408,1.14
1.1440,1.15
1.1314,1.13
1.1148,1.12
1.1092,1.11
1.1112,1.11
1.0977,1.10
1.0871,1.09
1.0903,1.09
1.0947,1.10
1.0986,1.10
1.0925,1.09
1.1151,1.12
1.1274,1.13
1.1237,1.12
1.1112,1.11
1.1291,1.13
1.1283,1.13
1.1324,1.13
1.1256,1.12
1.1225,1.12
1.1281,1.13
1.1247,1.13
1.1335,1.14
1.1359,1.14
1.1362,1.14
1.1340,1.14
1.1169,1.12
1.1203,1.12
1.1205,1.12
1.1030,1.10
1.1234,1.12
1.1138,1.11
1.1052,1.11
1.0991,1.10
1.1054,1.11
1.1010,1.10
1.1075,1.11
1.1035,1.11
1.1105,1.11
1.1001,1.10
1.1009,1.10
1.0946,1.10
1.0873,1.09
1.0831,1.08
1.0824,1.08
1.0935,1.09
1.0927,1.09
1.0981,1.10
1.0971,1.10
1.1087,1.11
1.1059,1.11
1.0985,1.10
1.0933,1.09
1.0968,1.10
1.0950,1.10
1.0881,1.09
1.0907,1.09
1.0927,1.09
1.0966,1.10
1.1019,1.10
1.1039,1.10
1.1156,1.12
1.1148,1.12
1.1105,1.11
1.1080,1.11
1.1020,1.10
1.1117,1.11
1.1242,1.12
1.1361,1.14
1.1616,1.16
1.1515,1.15
1.1312,1.13
1.1246,1.13
1.1173,1.12
1.1209,1.12
1.1311,1.13
1.1224,1.12
1.1123,1.11
1.1169,1.12
1.1199,1.12
1.1205,1.12
1.1278,1.13
1.1335,1.13
1.1313,1.13
1.1266,1.13
1.1289,1.13
1.1435,1.14
1.1281,1.13
1.1186,1.12
1.1119,1.11
1.1184,1.12
1.1227,1.12
1.1193,1.12
1.1243,1.13
1.1245,1.13
1.1175,1.12
1.1194,1.12
1.1219,1.12
1.1189,1.12
1.1269,1.13
1.1234,1.13
1.1278,1.13
1.1354,1.14
1.1355,1.14
1.1378,1.14
1.1473,1.15
1.1382,1.14
1.1349,1.14
1.1324,1.13
1.1344,1.14
1.1338,1.13
1.1107,1.11
1.1007,1.10
1.1055,1.11
1.1050,1.11
1.0923,1.09
1.0975,1.10
1.1013,1.10
1.1013,1.10
1.0962,1.10
1.0863,1.09
1.0883,1.09
1.0735,1.07
1.0751,1.08
1.0723,1.07
1.0743,1.08
1.0813,1.08
1.0749,1.07
1.0687,1.07
1.0639,1.06
1.0655,1.07
1.0733,1.07
1.0645,1.06
1.0633,1.06
1.0641,1.06
1.0607,1.06
1.0589,1.06
1.0566,1.06
1.0629,1.06
1.0613,1.06
1.0937,1.09
1.0858,1.09
1.0835,1.08
1.0888,1.09
1.1026,1.10
1.0940,1.09
1.0983,1.10
1.0991,1.10
1.0931,1.10
1.0914,1.09
1.0825,1.09
1.0861,1.09
1.0913,1.09
1.0954,1.10
1.0909,1.09
1.0962,1.10
1.0967,1.10
1.0917,1.09
1.0932,1.09
1.0856,1.09
1.0829,1.08
1.0746,1.08
1.0778,1.08
1.0931,1.09
1.0922,1.10
1.0856,1.09
1.0854,1.09
1.0878,1.09
1.0863,1.09
1.0889,1.09
1.0908,1.09
1.0891,1.09
1.0871,1.09
1.0797,1.08
1.0847,1.09
1.0869,1.09
1.0889,1.09
1.0936,1.09
1.0831,1.08
1.0888,1.09
1.0916,1.09
1.1102,1.11
1.1206,1.12
1.1156,1.12
1.1195,1.12
1.1291,1.13
1.1289,1.13
1.1325,1.13
1.1152,1.13
1.1142,1.11
1.1126,1.11
1.1105,1.11
1.1125,1.11
1.1027,1.10
1.1017,1.10
1.1011,1.10
1.1017,1.10
1.0930,1.09
1.0870,1.09
1.0866,1.09
1.0865,1.09
1.0955,1.10
1.1006,1.10
1.1012,1.10
1.1010,1.10
1.0997,1.10
1.1174,1.12
1.1149,1.11
1.1099,1.11
1.1107,1.11
1.1222,1.12
1.1316,1.13
1.1268,1.13
1.1242,1.13
1.1217,1.12
1.1178,1.12
1.1161,1.12
1.1196,1.12
1.1288,1.13
1.1336,1.14
1.1378,1.14
1.1391,1.14
1.1387,1.14
1.1382,1.14
1.1396,1.14
1.1376,1.14
1.1405,1.14
1.1406,1.14
1.1383,1.14
1.1272,1.13
1.1268,1.13
1.1295,1.13
1.1312,1.13
1.1354,1.14
1.1295,1.13
1.1287,1.13
1.1228,1.12
1.1264,1.13
1.1295,1.13
1.1318,1.13
1.1352,1.14
1.1444,1.15
1.1531,1.15
1.1494,1.15
1.1485,1.15
1.1405,1.14
1.1399,1.14
1.1381,1.14
1.1371,1.14
1.1424,1.14
1.1375,1.14
1.1307,1.13
1.1318,1.13
1.1311,1.13
1.1215,1.12
1.1202,1.12
1.1215,1.12
1.1218,1.12
1.1139,1.11
1.1152,1.12
1.1192,1.12
1.1135,1.11
1.1130,1.11
1.1187,1.12
1.1150,1.12
1.1349,1.14
1.1353,1.14
1.1356,1.14
1.1397,1.14
1.1315,1.13
1.1251,1.12
1.1291,1.13
1.1203,1.12
1.1257,1.13
1.1223,1.13
1.1281,1.14
1.1310,1.13
1.1240,1.13
1.1294,1.14
1.1390,1.15
1.1068,1.11
1.1024,1.11
1.1063,1.11
1.1123,1.12
1.1103,1.11
1.1153,1.12
1.1074,1.11
1.1097,1.11
1.1060,1.11
1.1050,1.11
1.1056,1.11
1.1059,1.11
1.1087,1.11
1.1116,1.11
1.1040,1.11
1.1072,1.11
1.1018,1.10
1.1011,1.10
1.1027,1.10
1.0968,1.10
1.0995,1.10
1.0982,1.10
1.1056,1.11
1.1075,1.11
1.1173,1.12
1.1160,1.12
1.1222,1.12
1.1147,1.12
1.1127,1.11
1.1085,1.11
1.1087,1.11
1.1115,1.11
1.1173,1.12
1.1136,1.12
1.1161,1.12
1.1180,1.12
1.1276,1.13
1.1291,1.13
1.1350,1.14
1.1302,1.13
1.1318,1.13
1.1303,1.13
1.1262,1.13
1.1281,1.13
1.1191,1.12
1.1187,1.12
1.1141,1.12
1.1155,1.12
1.1194,1.12
1.1144,1.12
1.1253,1.13
1.1237,1.12
1.1259,1.13
1.1230,1.12
1.1233,1.12
1.1215,1.12
1.1246,1.13
1.1242,1.12
1.1160,1.12
1.1176,1.12
1.1148,1.12
1.1192,1.12
1.1205,1.12
1.1221,1.13
1.1251,1.13
1.1212,1.13
1.1215,1.13
1.1222,1.13
1.1233,1.13
1.1208,1.13
1.1202,1.12
1.1203,1.12
1.1149,1.12
1.1195,1.12
1.1135,1.12
1.1051,1.11
1.1004,1.10
1.1054,1.11
1.0972,1.10
1.0998,1.10
1.0979,1.10
1.0972,1.10
1.0927,1.10
1.0876,1.09
1.0880,1.09
1.0887,1.09
1.0906,1.09
1.0895,1.09
1.0984,1.10
1.0979,1.10
1.1053,1.11
1.1096,1.11
1.1102,1.11
1.1134,1.11
1.1039,1.11
1.1023,1.10
1.0907,1.09
1.0891,1.09
1.0847,1.09
1.0734,1.08
1.0720,1.07
1.0689,1.07
1.0622,1.06
1.0581,1.06
1.0625,1.06
1.0626,1.06
1.0548,1.06
1.0594,1.06
1.0612,1.06
1.0646,1.07
1.0588,1.06
1.0660,1.07
1.0672,1.06
1.0762,1.08
1.0719,1.07
1.0753,1.08
1.0615,1.06
1.0550,1.05
1.0633,1.06
1.0625,1.06
1.0534,1.05
1.0415,1.04
1.0442,1.04
1.0403,1.04
1.0388,1.04
1.0421,1.05
1.0435,1.05
1.0451,1.05
1.0454,1.05
1.0416,1.05
1.0489,1.05
1.0453,1.05
1.0403,1.04
1.0489,1.05
1.0603,1.06
1.0537,1.06
1.0571,1.06
1.0554,1.06
1.0580,1.06
1.0609,1.06
1.0598,1.07
1.0712,1.07
1.0628,1.07
1.0663,1.07
1.0683,1.07
1.0762,1.08
1.0730,1.08
1.0744,1.08
1.0680,1.07
1.0689,1.07
1.0692,1.07
1.0796,1.08
1.0766,1.08
1.0756,1.08
1.0780,1.08
1.0749,1.08
1.0681,1.07
1.0697,1.07
1.0655,1.07
1.0632,1.06
1.0596,1.06
1.0574,1.06
1.0598,1.06
1.0672,1.07
1.0609,1.06
1.0533,1.05
1.0555,1.06
1.0580,1.06
1.0560,1.06
1.0585,1.06
1.0573,1.06
1.0546,1.06
1.0505,1.05
1.0614,1.06
1.0582,1.06
1.0564,1.06
1.0539,1.05
1.0574,1.06
1.0671,1.07
1.0653,1.07
1.0602,1.06
1.0732,1.08
1.0763,1.08
1.0738,1.08
1.0737,1.08
1.0808,1.08
1.0794,1.08
1.0782,1.08
1.0796,1.08
1.0863,1.09
1.0810,1.08
1.0764,1.08
1.0672,1.07
1.0658,1.07
1.0667,1.07
1.0671,1.07
1.0661,1.07
1.0642,1.06
1.0590,1.06
1.0594,1.06
1.0604,1.06
1.0662,1.07
1.0612,1.06
1.0642,1.07
1.0728,1.07
1.0708,1.07
1.0717,1.07
1.0889,1.08
1.0867,1.09
1.0924,1.09
1.0902,1.09
1.0875,1.09
1.0905,1.09
1.0898,1.09
1.0927,1.09
1.0884,1.09
1.0988,1.10
1.0996,1.10
1.0922,1.09
1.0872,1.09
1.0868,1.09
1.0860,1.09
1.0924,1.09
1.0975,1.10
1.1082,1.11
1.1158,1.12
1.1100,1.11
1.1200,1.12
1.1235,1.13
1.1182,1.12
1.1217,1.12
1.1210,1.12
1.1163,1.12
1.1184,1.12
1.1240,1.13
1.1211,1.12
1.1277,1.13
1.1251,1.13
1.1275,1.13
1.1255,1.13
1.1213,1.12
1.1193,1.12
1.1202,1.12
1.1209,1.12
1.1217,1.12
1.1142,1.11
1.1198,1.12
1.1147,1.12
1.1131,1.12
1.1165,1.12
1.1150,1.12
1.1199,1.12
1.1181,1.12
1.1337,1.13
1.1375,1.14
1.1439,1.15
1.1418,1.14
1.1344,1.14
1.1350,1.14
1.1422,1.14
1.1390,1.14
1.1397,1.14
1.1465,1.15
1.1409,1.14
1.1398,1.14
1.1462,1.15
1.1477,1.15
1.1552,1.16
1.1511,1.15
1.1632,1.16
1.1658,1.17
1.1638,1.17
1.1646,1.17
1.1733,1.17
1.1675,1.17
1.1735,1.18
1.1840,1.18
1.1800,1.18
1.1854,1.19
1.1867,1.19
1.1766,1.18
1.1793,1.18
1.1750,1.18
1.1757,1.18
1.1771,1.18
1.1804,1.18
1.1778,1.18
1.1732,1.18
1.1766,1.18
1.1721,1.17
1.1748,1.18
1.1813,1.18
1.1760,1.18
1.1805,1.18
1.1797,1.18
1.1924,1.20
1.1977,1.20
1.1972,1.20
1.1882,1.19
1.1909,1.19
1.1894,1.19
1.1912,1.19
1.1915,1.19
1.2022,1.20
1.2039,1.20
1.1951,1.20
1.1966,1.20
1.1883,1.19
1.1917,1.19
1.1947,1.19
1.1953,1.20
1.1992,1.20
1.1892,1.19
1.1940,1.20
1.1951,1.19
1.1846,1.19
1.1791,1.18
1.1744,1.18
1.1785,1.18
1.1816,1.18
1.1731,1.17
1.1742,1.18
1.1757,1.18
1.1709,1.17
1.1727,1.17
1.1738,1.17
1.1806,1.18
1.1860,1.19
1.1828,1.18
1.1824,1.18
1.1796,1.18
1.1764,1.18
1.1786,1.18
1.1851,1.19
1.1771,1.18
1.1747,1.18
1.1759,1.18
1.1811,1.18
1.1648,1.17
1.1601,1.16
1.1649,1.17
1.1644,1.17
1.1617,1.16
1.1658,1.17
1.1608,1.16
1.1608,1.16
1.1585,1.16
1.1594,1.16
1.1640,1.16
1.1664,1.17
1.1665,1.17
1.1796,1.18
1.1791,1.18
1.1769,1.18
1.1789,1.18
1.1731,1.18
1.1736,1.18
1.1850,1.18
1.1931,1.19
1.1896,1.19
1.1840,1.19
1.1845,1.19
1.1902,1.19
1.1880,1.19
1.1864,1.19
1.1824,1.18
1.1794,1.18
1.1771,1.18
1.1767,1.18
1.1768,1.18
1.1741,1.17
1.1825,1.18
1.1776,1.18
1.1753,1.17
1.1780,1.18
1.1838,1.19
1.1871,1.19
1.1873,1.19
1.1867,1.19
1.1857,1.19
1.1886,1.19
1.1941,1.20
1.2011,1.20
1.2056,1.21
1.2014,1.20
1.2066,1.21
1.2027,1.21
1.1965,1.20
1.1936,1.19
1.1945,1.20
1.2031,1.20
1.2263,1.22
1.2258,1.23
1.2184,1.22
1.2235,1.23
1.2266,1.23
1.2261,1.23
1.2297,1.23
1.2406,1.24
1.2393,1.24
1.2425,1.24
1.2381,1.24
1.2400,1.24
1.2412,1.24
1.2506,1.25
1.2455,1.24
1.2366,1.24
1.2376,1.24
1.2262,1.23
1.2243,1.23
1.2252,1.23
1.2291,1.23
1.2350,1.24
1.2448,1.25
1.2504,1.25
1.2407,1.24
1.2336,1.24
1.2281,1.23
1.2329,1.23
1.2297,1.23
1.2316,1.23
1.2231,1.22
1.2193,1.22
1.2265,1.23
1.2322,1.24
1.2334,1.23
1.2402,1.24
1.2409,1.24
1.2310,1.23
1.2309,1.23
1.2333,1.23
1.2388,1.24
1.2365,1.24
1.2303,1.23
1.2282,1.23
1.2333,1.24
1.2240,1.23
1.2336,1.24
1.2300,1.23
1.2347,1.24
1.2442,1.25
1.2401,1.24
1.2307,1.23
1.2321,1.23
1.2302,1.23
1.2268,1.23
1.2276,1.23
1.2238,1.23
1.2277,1.23
1.2318,1.23
1.2355,1.24
1.2366,1.24
1.2325,1.23
1.2329,1.23
1.2378,1.24
1.2368,1.24
1.2371,1.24
1.2344,1.24
1.2287,1.23
1.2207,1.22
1.2230,1.22
1.2159,1.22
1.2103,1.21
1.2123,1.21
1.2076,1.21
1.1991,1.20
1.1950,1.20
1.1987,1.20
1.1951,1.20
1.1922,1.19
1.1862,1.19
1.1850,1.19
1.1915,1.19
1.1945,1.19
1.1925,1.20
1.1836,1.19
1.1806,1.18
1.1793,1.18
1.1762,1.18
1.1791,1.18
1.1777,1.18
1.1694,1.17
1.1718,1.17
1.1623,1.17
1.1538,1.16
1.1663,1.17
1.1691,1.17
1.1655,1.17
1.1697,1.17
1.1716,1.17
1.1772,1.18
1.1798,1.18
1.1764,1.18
1.1782,1.18
1.1743,1.17
1.1789,1.18
1.1566,1.16
1.1608,1.16
1.1622,1.16
1.1588,1.16
1.1570,1.16
1.1602,1.16
1.1657,1.17
1.1702,1.17
1.1646,1.17
1.1553,1.16
1.1567,1.16
1.1650,1.17
1.1639,1.17
1.1653,1.17
1.1688,1.17
1.1746,1.18
1.1749,1.18
1.1743,1.17
1.1672,1.17
1.1669,1.17
1.1675,1.17
1.1709,1.17
1.1659,1.17
1.1637,1.17
1.1642,1.17
1.1728,1.18
1.1690,1.17
1.1684,1.17
1.1727,1.17
1.1641,1.17
1.1658,1.17
1.1706,1.17
1.1689,1.17
1.1658,1.17
1.1583,1.16
1.1571,1.16
1.1553,1.16
1.1597,1.16
1.1608,1.16
1.1525,1.15
1.1388,1.14
1.1408,1.14
1.1342,1.14
1.1343,1.14
1.1375,1.14
1.1440,1.15
1.1480,1.15
1.1569,1.16
1.1594,1.16
1.1538,1.16
1.1630,1.16
1.1676,1.17
1.1693,1.17
1.1706,1.17
1.1669,1.17
1.1622,1.16
1.1580,1.16
1.1628,1.16
1.1622,1.16
1.1558,1.16
1.1592,1.16
1.1602,1.16
1.1625,1.16
1.1688,1.17
1.1623,1.16
1.1682,1.17
1.1666,1.17
1.1670,1.17
1.1775,1.18
1.1749,1.18
1.1747,1.18
1.1765,1.18
1.1738,1.18
1.1640,1.17
1.1607,1.16
1.1576,1.16
1.1546,1.16
1.1476,1.15
1.1512,1.15
1.1518,1.15
1.1490,1.15
1.1489,1.15
1.1518,1.15
1.1591,1.16
1.1557,1.15
1.1578,1.16
1.1573,1.16
1.1499,1.15
1.1450,1.15
1.1505,1.15
1.1464,1.15
1.1469,1.15
1.1390,1.14
1.1374,1.14
1.1406,1.14
1.1371,1.14
1.1343,1.14
1.1309,1.13
1.1406,1.14
1.1390,1.14
1.1405,1.14
1.1425,1.15
1.1424,1.14
1.1362,1.14
1.1330,1.13
1.1217,1.12
1.1288,1.13
1.1307,1.13
1.1328,1.13
1.1401,1.14
1.1452,1.15
1.1369,1.14
1.1402,1.14
1.1341,1.14
1.1326,1.13
1.1290,1.13
1.1365,1.14
1.1393,1.14
1.1313,1.13
1.1352,1.14
1.1342,1.14
1.1344,1.14
1.1375,1.14
1.1400,1.14
1.1359,1.14
1.1316,1.13
1.1367,1.14
1.1360,1.14
1.1307,1.13
1.1346,1.14
1.1359,1.14
1.1375,1.14
1.1445,1.15
1.1370,1.14
1.1361,1.14
1.1351,1.14
1.1427,1.14
1.1442,1.15
1.1463,1.15
1.1343,1.14
1.1391,1.14
1.1390,1.14
1.1474,1.15
1.1442,1.15
1.1540,1.16
1.1497,1.15
1.1469,1.15
1.1470,1.15
1.1411,1.14
1.1393,1.14
1.1387,1.14
1.1364,1.14
1.1357,1.14
1.1379,1.14
1.1304,1.13
1.1404,1.14
1.1426,1.14
1.1431,1.15
1.1478,1.15
1.1445,1.15
1.1454,1.15
1.1439,1.14
1.1404,1.14
1.1359,1.14
1.1344,1.13
1.1327,1.13
1.1278,1.13
1.1324,1.13
1.1260,1.13
1.1293,1.13
1.1309,1.13
1.1340,1.14
1.1336,1.14
1.1334,1.14
1.1337,1.14
1.1364,1.14
1.1395,1.14
1.1370,1.14
1.1369,1.14
1.1377,1.14
1.1337,1.13
1.1311,1.13
1.1305,1.13
1.1191,1.12
1.1238,1.12
1.1247,1.13
1.1286,1.13
1.1328,1.13
1.1304,1.13
1.1322,1.13
1.1335,1.14
1.1349,1.14
1.1411,1.15
1.1375,1.14
1.1292,1.13
1.1311,1.13
1.1266,1.13
1.1242,1.13
1.1219,1.12
1.1216,1.12
1.1215,1.12
1.1204,1.12
1.1232,1.12
1.1221,1.12
1.1216,1.12
1.1269,1.13
1.1261,1.13
1.1271,1.13
1.1252,1.13
1.1298,1.13
1.1303,1.13
1.1280,1.13
1.1295,1.13
1.1244,1.13
1.1257,1.13
1.1227,1.12
1.1158,1.12
1.1129,1.12
1.1152,1.12
1.1184,1.12
1.1213,1.12
1.1200,1.12
1.1176,1.12
1.1170,1.12
1.1197,1.12
1.1189,1.12
1.1191,1.12
1.1213,1.12
1.1240,1.12
1.1223,1.13
1.1203,1.12
1.1200,1.12
1.1174,1.12
1.1157,1.12
1.1168,1.12
1.1166,1.12
1.1149,1.12
1.1181,1.12
1.1197,1.12
1.1160,1.12
1.1129,1.11
1.1132,1.11
1.1167,1.12
1.1240,1.13
1.1249,1.13
1.1227,1.12
1.1274,1.13
1.1322,1.13
1.1310,1.13
1.1324,1.13
1.1285,1.13
1.1280,1.13
1.1214,1.12
1.1217,1.13
1.1191,1.12
1.1224,1.13
1.1290,1.13
1.1359,1.14
1.1398,1.14
1.1364,1.14
1.1367,1.14
1.1369,1.14
1.1374,1.14
1.1284,1.13
1.1283,1.13
1.1283,1.13
1.1221,1.12
1.1213,1.12
1.1206,1.12
1.1249,1.13
1.1252,1.13
1.1267,1.13
1.1256,1.13
1.1209,1.12
1.1222,1.13
1.1275,1.13
1.1216,1.12
1.1208,1.12
1.1150,1.12
1.1140,1.12
1.1145,1.12
1.1126,1.12
1.1142,1.12
1.1153,1.12
1.1074,1.11
1.1085,1.11
1.1101,1.11
1.1201,1.12
1.1197,1.12
1.1197,1.12
1.1179,1.12
1.1202,1.12
1.1212,1.12
1.1169,1.12
1.1137,1.11
1.1105,1.11
1.1090,1.11
1.1077,1.11
1.1098,1.11
1.1083,1.11
1.1078,1.11
1.1145,1.12
1.1101,1.11
1.1089,1.11
1.1076,1.11
1.1056,1.11
1.0968,1.10
1.0972,1.10
1.1035,1.10
1.1033,1.10
1.1022,1.10
1.1045,1.11
1.1042,1.11
1.1009,1.10
1.1062,1.11
1.1085,1.11
1.0998,1.10
1.1071,1.11
1.1028,1.11
1.1040,1.11
1.1014,1.10
1.0992,1.10
1.1018,1.10
1.0941,1.10
1.0919,1.09
1.0938,1.10
1.0899,1.09
1.0931,1.09
1.0957,1.10
1.0962,1.10
1.0974,1.10
1.0969,1.10
1.0955,1.10
1.0970,1.10
1.1004,1.10
1.1042,1.11
1.1027,1.11
1.1031,1.11
1.1071,1.11
1.1124,1.11
1.1141,1.12
1.1148,1.12
1.1123,1.11
1.1129,1.11
1.1103,1.11
1.1080,1.11
1.1097,1.11
1.1110,1.11
1.1149,1.12
1.1150,1.12
1.1165,1.12
1.1126,1.11
1.1073,1.11
1.1065,1.11
1.1048,1.11
1.1021,1.10
1.1031,1.10
1.1009,1.10
1.1004,1.10
1.1020,1.10
1.1050,1.11
1.1070,1.11
1.1077,1.11
1.1072,1.11
1.1057,1.11
1.1023,1.10
1.1012,1.10
1.1018,1.10
1.1007,1.10
1.1012,1.10
1.1077,1.11
1.1080,1.11
1.1077,1.11
1.1104,1.11
1.1054,1.11
1.1063,1.11
1.1090,1.11
1.1128,1.11
1.1128,1.12
1.1121,1.11
1.1141,1.12
1.1148,1.12
1.1111,1.12
1.1120,1.11
1.1079,1.11
1.1088,1.11
1.1090,1.11
1.1095,1.11
1.1173,1.12
1.1196,1.12
1.1210,1.12
1.1170,1.12
1.1166,1.12
1.1196,1.12
1.1152,1.12
1.1104,1.11
1.1104,1.11
1.1123,1.11
1.1133,1.12
1.1128,1.12
1.1149,1.12
1.1135,1.12
1.1094,1.11
1.1082,1.11
1.1091,1.11
1.1053,1.11
1.1019,1.10
1.1018,1.10
1.1021,1.10
1.1008,1.10
1.1031,1.10
1.1091,1.11
1.1058,1.11
1.1044,1.10
1.0999,1.10
1.0981,1.10
1.0949,1.10
1.0910,1.09
1.0914,1.09
1.0872,1.09
1.0839,1.08
1.0836,1.09
1.0790,1.08
1.0804,1.08
1.0783,1.08
1.0839,1.08
1.0852,1.09
1.0879,1.09
1.0880,1.09
1.0999,1.10
1.1001,1.11
1.1131,1.12
1.1170,1.12
1.1134,1.11
1.1236,1.12
1.1291,1.13
1.1445,1.15
1.1279,1.13
1.1267,1.13
1.1183,1.12
1.1083,1.12
1.1181,1.12
1.0995,1.10
1.0913,1.09
1.0690,1.07
1.0694,1.07
1.0724,1.08
1.0787,1.08
1.0880,1.09
1.1029,1.10
1.1135,1.11
1.1048,1.10
1.1029,1.10
1.0962,1.09
1.0856,1.09
1.0813,1.08
1.0791,1.08
1.0889,1.09
1.0855,1.09
1.0941,1.09
1.0912,1.10
1.0979,1.09
1.0909,1.09
1.0833,1.09
1.0873,1.09
1.0860,1.09
1.0855,1.09
1.0822,1.08
1.0776,1.08
1.0808,1.08
1.0828,1.08
1.0818,1.08
1.0870,1.09
1.0954,1.10
1.0980,1.10
1.0905,1.09
1.0835,1.08
1.0794,1.08
1.0831,1.09
1.0836,1.08
1.0805,1.08
1.0846,1.08
1.0818,1.08
1.0803,1.08
1.0815,1.08
1.0911,1.09
1.0926,1.09
1.0978,1.10
1.0948,1.10
1.0898,1.09
1.0982,1.10
1.1003,1.10
1.1076,1.11
1.1096,1.11
1.1135,1.11
1.1170,1.12
1.1232,1.12
1.1336,1.13
1.1287,1.13
1.1295,1.13
1.1339,1.13
1.1372,1.14
1.1297,1.13
1.1245,1.12
1.1323,1.13
1.1263,1.13
1.1242,1.13
1.1203,1.12
1.1183,1.12
1.1258,1.13
1.1307,1.13
1.1250,1.13
1.1217,1.12
1.1225,1.12
1.1240,1.13
1.1231,1.12
1.1250,1.13
1.1240,1.12
1.1306,1.13
1.1271,1.13
1.1327,1.13
1.1284,1.13
1.1299,1.13
1.1341,1.14
1.1398,1.14
1.1409,1.14
1.1382,1.14
1.1408,1.14
1.1447,1.15
1.1527,1.15
1.1573,1.16
1.1595,1.16
1.1646,1.17
1.1751,1.18
1.1716,1.17
1.1786,1.18
1.1844,1.18
1.1781,1.18
1.1763,1.18
1.1800,1.18
1.1862,1.19
1.1875,1.19
1.1786,1.18
1.1736,1.17
1.1738,1.17
1.1784,1.18
1.1813,1.18
1.1838,1.18
1.1869,1.19
1.1929,1.19
1.1837,1.18
1.1858,1.19
1.1785,1.18
1.1791,1.18
1.1834,1.18
1.1829,1.18
1.1820,1.18
1.1897,1.19
1.1934,1.19
1.1909,1.19
1.1850,1.19
1.1848,1.19
1.1815,1.18
1.1775,1.18
1.1799,1.18
1.1812,1.18
1.1838,1.18
1.1863,1.19
1.1848,1.18
1.1814,1.18
1.1848,1.19
1.1846,1.19
1.1769,1.18
1.1707,1.17
1.1659,1.17
1.1669,1.17
1.1636,1.16
1.1664,1.17
1.1741,1.17
1.1718,1.17
1.1746,1.17
1.1714,1.17
1.1780,1.18
1.1733,1.17
1.1760,1.18
1.1757,1.18
1.1818,1.18
1.1811,1.18
1.1744,1.18
1.1746,1.17
1.1706,1.17
1.1721,1.17
1.1768,1.18
1.1820,1.18
1.1860,1.19
1.1817,1.18
1.1856,1.19
1.1808,1.18
1.1795,1.18
1.1746,1.18
1.1672,1.17
1.1656,1.16
1.1639,1.16
1.1713,1.17
1.1723,1.17
1.1825,1.18
1.1881,1.19
1.1811,1.18
1.1808,1.18
1.1775,1.18
1.1803,1.18
1.1827,1.18
1.1851,1.19
1.1862,1.19
1.1852,1.19
1.1874,1.19
1.1851,1.19
1.1840,1.18
1.1889,1.19
1.1912,1.19
1.1957,1.20
1.1926,1.19
1.2068,1.21
1.2113,1.21
1.2140,1.21
1.2128,1.21
1.2107,1.21
1.2101,1.21
1.2081,1.21
1.2135,1.21
1.2129,1.21
1.2143,1.22
1.2151,1.22
1.2198,1.22
1.2266,1.23
1.2240,1.22
1.2242,1.23
1.2161,1.22
1.2186,1.22
1.2200,1.22
1.2215,1.22
1.2246,1.23
1.2296,1.23
1.2229,1.22
1.2245,1.23
1.2294,1.23
1.2325,1.23
1.2271,1.23
1.2215,1.22
1.2150,1.22
1.2206,1.22
1.2156,1.22
1.2153,1.22
1.2076,1.21
1.2126,1.21
1.2104,1.21
1.2162,1.22
1.2166,1.22
1.2136,1.21
1.2158,1.22
1.2108,1.21
1.2121,1.21
1.2138,1.21
1.2058,1.21
1.2042,1.20
1.2032,1.20
1.1962,1.20
1.2040,1.21
1.2048,1.21
1.2117,1.21
1.2116,1.21
1.2128,1.21
1.2128,1.21
1.2105,1.21
1.2035,1.20
1.2089,1.21
1.2115,1.21
1.2154,1.22
1.2149,1.22
1.2161,1.22
1.2174,1.22
1.2077,1.21
1.2047,1.21
1.2089,1.21
1.2062,1.21
1.1966,1.20
1.1920,1.19
1.1845,1.18
1.1898,1.19
1.1927,1.19
1.1981,1.20
1.1950,1.19
1.1927,1.19
1.1904,1.19
1.1978,1.20
1.1913,1.19
1.1897,1.19
1.1933,1.19
1.1850,1.19
1.1811,1.18
1.1762,1.18
1.1793,1.18
1.1762,1.18
1.1714,1.17
1.1730,1.17
1.1775,1.18
1.1759,1.18
1.1812,1.18
1.1873,1.19
1.1865,1.19
1.1911,1.19
1.1889,1.19
1.1909,1.19
1.1948,1.20
1.1978,1.20
1.1965,1.20
1.1982,1.20
1.2034,1.20
1.2035,1.20
1.2033,1.20
1.2013,1.20
1.2092,1.21
1.2084,1.21
1.2089,1.21
1.2124,1.21
1.2115,1.21
1.2029,1.20
1.2062,1.21
1.2011,1.20
1.2004,1.20
1.2064,1.21
1.2159,1.22
1.2127,1.21
1.2146,1.21
1.2071,1.21
1.2078,1.21
1.2138,1.21
1.2151,1.22
1.2220,1.22
1.2169,1.22
1.2228,1.22
1.2176,1.22
1.2215,1.22
1.2251,1.23
1.2190,1.22
1.2193,1.22
1.2225,1.22
1.2212,1.22
1.2208,1.22
1.2127,1.21
1.2166,1.22
1.2189,1.22
1.2171,1.22
1.2180,1.22
1.2168,1.22
1.2108,1.21
1.2118,1.21
1.2125,1.21
1.1994,1.20
1.1906,1.19
1.1866,1.19
1.1916,1.19
1.1937,1.19
1.1925,1.19
1.1930,1.19
1.1933,1.19
1.1924,1.19
1.1895,1.19
1.1857,1.19
1.1848,1.18
1.1861,1.19
1.1822,1.18
1.1790,1.18
1.1842,1.19
1.1870,1.19
1.1860,1.19
1.1774,1.18
1.1835,1.18
1.1812,1.18
1.1806,1.18
1.1799,1.18
1.1780,1.18
1.1791,1.18
1.1767,1.18
1.1776,1.18
1.1802,1.18
1.1815,1.18
1.1843,1.18
1.1886,1.19
1.1862,1.19
1.1866,1.19
1.1862,1.19
1.1835,1.18
1.1832,1.18
1.1760,1.18
1.1736,1.17
1.1718,1.17
1.1736,1.17
1.1729,1.17
1.1792,1.18
1.1774,1.18
1.1709,1.17
1.1709,1.17
1.1674,1.17
1.1692,1.17
1.1744,1.18
1.1752,1.18
1.1770,1.18
1.1750,1.18
1.1791,1.18
1.1795,1.18
1.1808,1.18
1.1838,1.18
1.1873,1.19
1.1868,1.19
1.1838,1.18
1.1815,1.18
1.1824,1.18
1.1812,1.18
1.1810,1.18
1.1804,1.18
1.1814,1.18
1.1760,1.18
1.1730,1.17
1.1724,1.17
1.1724,1.17
1.1684,1.17
1.1736,1.17
1.1723,1.17
1.1694,1.17
1.1681,1.17
1.1594,1.16
1.1580,1.16
1.1591,1.16
1.1622,1.16
1.1601,1.16
1.1554,1.16
1.1549,1.16
1.1569,1.16
1.1553,1.16
1.1526,1.15
1.1591,1.16
1.1597,1.16
1.1596,1.16
1.1609,1.16
1.1632,1.16
1.1648,1.17
1.1621,1.16
1.1642,1.16
1.1605,1.16
1.1595,1.16
1.1604,1.16
1.1678,1.17
1.1557,1.16
1.1603,1.16
1.1577,1.16
1.1610,1.16
1.1552,1.16
1.1554,1.16
1.1587,1.16
1.1591,1.16
1.1480,1.15
1.1452,1.14
1.1450,1.15
1.1366,1.14
1.1319,1.13
1.1318,1.13
1.1369,1.14
